,exchange,hedge_type,base_currency,symbol,bid_price,ask_price,timestamp,borrow_rate,maker_fee,taker_fee,days_to_expiration,expiration_date,funding_rate,next_funding_rate_time
0,FTX,Perpetual,1INCH,1INCH-PERP,0.6747,0.6749,1655917761.28475,0,0.02,0.07,inf,,-1.2e-05,2022-06-22 16:00:00+00:00
1,FTX,Delivery,1INCH,1INCH-0624,0.6734,0.6774,1655917761.284799,0,0.02,0.07,1.0,2022-06-24 03:00:00+00:00,,
2,FTX,Delivery,1INCH,1INCH-0930,0.6312,0.6367,1655917761.284811,0,0.02,0.07,99.0,2022-09-30 03:00:00+00:00,,
3,FTX,Delivery,AAPL,AAPL-0624,135.98,136.09,1655917761.284821,0,0.02,0.07,2.0,2022-06-24 20:00:00+00:00,,
4,FTX,Delivery,AAPL,AAPL-0930,135.8,135.91,1655917761.284831,0,0.02,0.07,100.0,2022-09-30 20:00:00+00:00,,
5,FTX,Perpetual,AAVE,AAVE-PERP,64.28,64.32,1655917761.28484,0,0.02,0.07,inf,,-1.3e-05,2022-06-22 15:00:00+00:00
6,FTX,Delivery,AAVE,AAVE-0624,63.92,64.62,1655917761.284849,0,0.02,0.07,1.0,2022-06-24 03:00:00+00:00,,
7,FTX,Delivery,AAVE,AAVE-0930,63.31,65.66,1655917761.284859,0,0.02,0.07,99.0,2022-09-30 03:00:00+00:00,,
8,FTX,Delivery,ABNB,ABNB-0624,100.775,100.94,1655917761.284869,0,0.02,0.07,2.0,2022-06-24 20:00:00+00:00,,
9,FTX,Delivery,ABNB,ABNB-0930,100.795,100.91,1655917761.284878,0,0.02,0.07,100.0,2022-09-30 20:00:00+00:00,,
10,FTX,Delivery,ACB,ACB-0624,1.326,1.33,1655917761.284888,0,0.02,0.07,2.0,2022-06-24 20:00:00+00:00,,
11,FTX,Delivery,ACB,ACB-0930,1.327,1.36,1655917761.284897,0,0.02,0.07,100.0,2022-09-30 20:00:00+00:00,,
12,FTX,Perpetual,ADA,ADA-PERP,0.470455,0.47068,1655917761.284905,0,0.02,0.07,inf,,-1.9e-05,2022-06-22 15:00:00+00:00
13,FTX,Delivery,ADA,ADA-0624,0.4687,0.469035,1655917761.284914,0,0.02,0.07,1.0,2022-06-24 03:00:00+00:00,,
14,FTX,Delivery,ADA,ADA-0930,0.461875,0.464155,1655917761.284924,0,0.02,0.07,99.0,2022-09-30 03:00:00+00:00,,
15,FTX,Perpetual,AGLD,AGLD-PERP,0.2965,0.297,1655917761.284932,0,0.02,0.07,inf,,0.0,2022-06-22 15:00:00+00:00
16,FTX,Perpetual,ALCX,ALCX-PERP,19.2,19.3,1655917761.28494,0,0.02,0.07,inf,,-0.000222,2022-06-22 16:00:00+00:00
17,FTX,Perpetual,ALGO,ALGO-PERP,0.321,0.3212,1655917761.284947,0,0.02,0.07,inf,,-4.5e-05,2022-06-22 15:00:00+00:00
18,FTX,Delivery,ALGO,ALGO-0624,0.3207,0.3221,1655917761.284957,0,0.02,0.07,1.0,2022-06-24 03:00:00+00:00,,
19,FTX,Delivery,ALGO,ALGO-0930,0.3196,0.3271,1655917761.284967,0,0.02,0.07,99.0,2022-09-30 03:00:00+00:00,,
20,FTX,Perpetual,ALICE,ALICE-PERP,2.275,2.2775,1655917761.284974,0,0.02,0.07,inf,,-2.2e-05,2022-06-22 15:00:00+00:00
21,FTX,Perpetual,ALPHA,ALPHA-PERP,0.11245,0.11255,1655917761.284982,0,0.02,0.07,inf,,9e-06,2022-06-22 15:00:00+00:00
22,FTX,Perpetual,ALT,ALT-PERP,1596.7,1597.95,1655917761.284989,0,0.02,0.07,inf,,-3e-06,2022-06-22 15:00:00+00:00
23,FTX,Delivery,ALT,ALT-0624,1595.0,1601.0,1655917761.285,0,0.02,0.07,1.0,2022-06-24 03:00:00+00:00,,
24,FTX,Delivery,ALT,ALT-0930,1583.9,1589.15,1655917761.285009,0,0.02,0.07,99.0,2022-09-30 03:00:00+00:00,,
25,FTX,Delivery,AMC,AMC-0624,12.835,13.3775,1655917761.285019,0,0.02,0.07,2.0,2022-06-24 20:00:00+00:00,,
26,FTX,Delivery,AMC,AMC-0930,12.8475,12.915,1655917761.285029,0,0.02,0.07,100.0,2022-09-30 20:00:00+00:00,,
27,FTX,Delivery,AMD,AMD-0624,84.24,84.33,1655917761.285038,0,0.02,0.07,2.0,2022-06-24 20:00:00+00:00,,
28,FTX,Delivery,AMD,AMD-0930,84.24,84.36,1655917761.285048,0,0.02,0.07,100.0,2022-09-30 20:00:00+00:00,,
29,FTX,Perpetual,AMPL,AMPL-PERP,0.8191,0.821,1655917761.285055,0,0.02,0.07,inf,,0.000476,2022-06-22 15:00:00+00:00
30,FTX,Delivery,AMZN,AMZN-0624,109.2,110.7,1655917761.285065,0,0.02,0.07,2.0,2022-06-24 20:00:00+00:00,,
31,FTX,Delivery,AMZN,AMZN-0930,109.6,110.5,1655917761.285074,0,0.02,0.07,100.0,2022-09-30 20:00:00+00:00,,
32,FTX,Perpetual,ANC,ANC-PERP,0.12825,0.1285,1655917761.285082,0,0.02,0.07,inf,,4e-05,2022-06-22 15:00:00+00:00
33,FTX,Perpetual,APE,APE-PERP,4.2185,4.222,1655917761.28509,0,0.02,0.07,inf,,-1.8e-05,2022-06-22 15:00:00+00:00
34,FTX,Delivery,APE,APE-0930,4.183,4.219,1655917761.285099,0,0.02,0.07,99.0,2022-09-30 03:00:00+00:00,,
35,FTX,Perpetual,AR,AR-PERP,9.216,9.227,1655917761.285107,0,0.02,0.07,inf,,1e-05,2022-06-22 15:00:00+00:00
36,FTX,Delivery,ARKK,ARKK-0624,41.64,41.71,1655917761.285117,0,0.02,0.07,2.0,2022-06-24 20:00:00+00:00,,
37,FTX,Delivery,ARKK,ARKK-0930,41.63,41.79,1655917761.285126,0,0.02,0.07,100.0,2022-09-30 20:00:00+00:00,,
38,FTX,Perpetual,ASD,ASD-PERP,0.11096,0.11143,1655917761.285134,0,0.02,0.07,inf,,-2.3e-05,2022-06-22 16:00:00+00:00
39,FTX,Perpetual,ATLAS,ATLAS-PERP,0.00608275,0.00609275,1655917761.285141,0,0.02,0.07,inf,,-4e-06,2022-06-22 15:00:00+00:00
40,FTX,Perpetual,ATOM,ATOM-PERP,6.9015,6.904,1655917761.285148,0,0.02,0.07,inf,,4e-06,2022-06-22 15:00:00+00:00
41,FTX,Delivery,ATOM,ATOM-0624,6.869,6.912,1655917761.285158,0,0.02,0.07,1.0,2022-06-24 03:00:00+00:00,,
42,FTX,Delivery,ATOM,ATOM-0930,6.8165,6.9515,1655917761.285167,0,0.02,0.07,99.0,2022-09-30 03:00:00+00:00,,
43,FTX,Perpetual,AUDIO,AUDIO-PERP,0.3675,0.368,1655917761.285175,0,0.02,0.07,inf,,-7.9e-05,2022-06-22 15:00:00+00:00
44,FTX,Perpetual,AVAX,AVAX-PERP,16.602,16.605,1655917761.285182,0,0.02,0.07,inf,,-4e-06,2022-06-22 15:00:00+00:00
45,FTX,Delivery,AVAX,AVAX-0624,16.563,16.62,1655917761.285192,0,0.02,0.07,1.0,2022-06-24 03:00:00+00:00,,
46,FTX,Delivery,AVAX,AVAX-0930,16.327,16.436,1655917761.285201,0,0.02,0.07,99.0,2022-09-30 03:00:00+00:00,,
47,FTX,Perpetual,AXS,AXS-PERP,14.177,14.186,1655917761.285209,0,0.02,0.07,inf,,-3.6e-05,2022-06-22 15:00:00+00:00
48,FTX,Delivery,AXS,AXS-0930,12.483,12.992,1655917761.285218,0,0.02,0.07,99.0,2022-09-30 03:00:00+00:00,,
49,FTX,Delivery,BABA,BABA-0624,106.1,106.25,1655917761.285228,0,0.02,0.07,2.0,2022-06-24 20:00:00+00:00,,
50,FTX,Delivery,BABA,BABA-0930,106.15,106.3,1655917761.285237,0,0.02,0.07,100.0,2022-09-30 20:00:00+00:00,,
51,FTX,Perpetual,BADGER,BADGER-PERP,3.165,3.175,1655917761.285245,0,0.02,0.07,inf,,-0.000152,2022-06-22 15:00:00+00:00
52,FTX,Perpetual,BAL,BAL-PERP,4.51,4.5125,1655917761.285252,0,0.02,0.07,inf,,-0.000102,2022-06-22 16:00:00+00:00
53,FTX,Delivery,BAL,BAL-0624,4.365,4.5425,1655917761.285262,0,0.02,0.07,1.0,2022-06-24 03:00:00+00:00,,
54,FTX,Delivery,BAL,BAL-0930,3.795,4.4425,1655917761.285272,0,0.02,0.07,99.0,2022-09-30 03:00:00+00:00,,
55,FTX,Perpetual,BAND,BAND-PERP,1.405,1.407,1655917761.285279,0,0.02,0.07,inf,,-3.4e-05,2022-06-22 15:00:00+00:00
56,FTX,Perpetual,BAT,BAT-PERP,0.385925,0.386125,1655917761.285287,0,0.02,0.07,inf,,-2.2e-05,2022-06-22 16:00:00+00:00
57,FTX,Delivery,BB,BB-0624,5.355,5.37,1655917761.285296,0,0.02,0.07,2.0,2022-06-24 20:00:00+00:00,,
58,FTX,Delivery,BB,BB-0930,5.355,5.3725,1655917761.285306,0,0.02,0.07,100.0,2022-09-30 20:00:00+00:00,,
59,FTX,Perpetual,BCH,BCH-PERP,114.7,114.75,1655917761.285313,0,0.02,0.07,inf,,-2e-05,2022-06-22 16:00:00+00:00
60,FTX,Delivery,BCH,BCH-0624,114.45,114.95,1655917761.285323,0,0.02,0.07,1.0,2022-06-24 03:00:00+00:00,,
61,FTX,Delivery,BCH,BCH-0930,113.2,114.3,1655917761.285332,0,0.02,0.07,99.0,2022-09-30 03:00:00+00:00,,
62,FTX,Delivery,BILI,BILI-0624,26.525,26.63,1655917761.285341,0,0.02,0.07,2.0,2022-06-24 20:00:00+00:00,,
63,FTX,Delivery,BILI,BILI-0930,26.65,26.74,1655917761.28535,0,0.02,0.07,100.0,2022-09-30 20:00:00+00:00,,
64,FTX,Perpetual,BIT,BIT-PERP,0.419,0.41925,1655917761.285358,0,0.02,0.07,inf,,5.3e-05,2022-06-22 15:00:00+00:00
65,FTX,Delivery,BITO,BITO-0624,12.505,12.61,1655917761.285392,0,0.02,0.07,2.0,2022-06-24 20:00:00+00:00,,
66,FTX,Delivery,BITO,BITO-0930,12.445,12.63,1655917761.285408,0,0.02,0.07,100.0,2022-09-30 20:00:00+00:00,,
67,FTX,Delivery,BITW,BITW-0624,12.535,12.63,1655917761.285419,0,0.02,0.07,2.0,2022-06-24 20:00:00+00:00,,
68,FTX,Delivery,BITW,BITW-0930,12.21,12.32,1655917761.285429,0,0.02,0.07,100.0,2022-09-30 20:00:00+00:00,,
69,FTX,Perpetual,BNB,BNB-PERP,216.0875,216.1575,1655917761.285438,0,0.02,0.07,inf,,-1.3e-05,2022-06-22 15:00:00+00:00
70,FTX,Delivery,BNB,BNB-0624,215.9575,216.2375,1655917761.285448,0,0.02,0.07,1.0,2022-06-24 03:00:00+00:00,,
71,FTX,Delivery,BNB,BNB-0930,213.4,213.92,1655917761.285457,0,0.02,0.07,99.0,2022-09-30 03:00:00+00:00,,
72,FTX,Perpetual,BNT,BNT-PERP,0.4925,0.493,1655917761.285465,0,0.02,0.07,inf,,-0.00025,2022-06-22 15:00:00+00:00
73,FTX,Delivery,BNTX,BNTX-0624,126.27,126.6,1655917761.285475,0,0.02,0.07,2.0,2022-06-24 20:00:00+00:00,,
74,FTX,Delivery,BNTX,BNTX-0930,126.28,126.54,1655917761.285485,0,0.02,0.07,100.0,2022-09-30 20:00:00+00:00,,
75,FTX,Perpetual,BOBA,BOBA-PERP,0.35,0.351,1655917761.285492,0,0.02,0.07,inf,,4.7e-05,2022-06-22 15:00:00+00:00
76,FTX,Delivery,BOLSONARO2022,BOLSONARO2022,0.291,0.3,1655917761.285502,0,0.02,0.07,104.0,2022-10-05 00:00:00+00:00,,
77,FTX,Perpetual,BRZ,BRZ-PERP,0.19229,0.19297,1655917761.285512,0,0.02,0.07,inf,,-0.000125,2022-06-22 15:00:00+00:00
78,FTX,Perpetual,BSV,BSV-PERP,62.97,63.02,1655917761.285519,0,0.02,0.07,inf,,-3.7e-05,2022-06-22 15:00:00+00:00
79,FTX,Delivery,BSV,BSV-0624,62.75,62.84,1655917761.285529,0,0.02,0.07,1.0,2022-06-24 03:00:00+00:00,,
80,FTX,Delivery,BSV,BSV-0930,59.61,59.89,1655917761.285539,0,0.02,0.07,99.0,2022-09-30 03:00:00+00:00,,
81,FTX,Perpetual,BTC,BTC-PERP,20220.0,20222.0,1655917761.285547,0,0.02,0.07,inf,,5e-06,2022-06-22 15:00:00+00:00
82,FTX,Delivery,BTC,BTC-MOVE-0622,538.0,570.0,1655917761.285557,0,0.02,0.07,0.0,2022-06-23 00:00:00+00:00,,
83,FTX,Delivery,BTC,BTC-MOVE-0623,678.0,685.0,1655917761.285567,0,0.02,0.07,1.0,2022-06-24 00:00:00+00:00,,
84,FTX,Delivery,BTC,BTC-0624,20205.0,20214.0,1655917761.285577,0,0.02,0.07,1.0,2022-06-24 03:00:00+00:00,,
85,FTX,Delivery,BTC,BTC-MOVE-2022Q2,23870.0,23966.0,1655917761.285586,0,0.02,0.07,1.0,2022-06-24 03:00:00+00:00,,
86,FTX,Delivery,BTC,BTC-MOVE-WK-0624,1066.0,1235.0,1655917761.285596,0,0.02,0.07,2.0,2022-06-25 00:00:00+00:00,,
87,FTX,Delivery,BTC,BTC-MOVE-WK-0701,1999.0,2040.0,1655917761.285605,0,0.02,0.07,9.0,2022-07-02 00:00:00+00:00,,
88,FTX,Delivery,BTC,BTC-MOVE-WK-0708,1672.0,1872.0,1655917761.285615,0,0.02,0.07,16.0,2022-07-09 00:00:00+00:00,,
89,FTX,Delivery,BTC,BTC-MOVE-WK-0715,1711.0,1800.0,1655917761.285624,0,0.02,0.07,23.0,2022-07-16 00:00:00+00:00,,
90,FTX,Delivery,BTC,BTC-0930,20249.0,20263.0,1655917761.285633,0,0.02,0.07,99.0,2022-09-30 03:00:00+00:00,,
91,FTX,Delivery,BTC,BTC-MOVE-2022Q3,6300.0,6868.0,1655917761.285642,0,0.02,0.07,99.0,2022-09-30 03:00:00+00:00,,
92,FTX,Delivery,BTC,BTC-1230,20363.0,20411.0,1655917761.285652,0,0.02,0.07,190.0,2022-12-30 03:00:00+00:00,,
93,FTX,Delivery,BTC,BTC-MOVE-2022Q4,5801.0,6397.0,1655917761.285662,0,0.02,0.07,190.0,2022-12-30 03:00:00+00:00,,
94,FTX,Perpetual,BTT,BTT-PERP,7.8e-07,7.9e-07,1655917761.28567,0,0.02,0.07,inf,,-8.7e-05,2022-06-22 15:00:00+00:00
95,FTX,Delivery,BYND,BYND-0624,25.61,25.84,1655917761.285679,0,0.02,0.07,2.0,2022-06-24 20:00:00+00:00,,
96,FTX,Delivery,BYND,BYND-0930,25.82,25.95,1655917761.285689,0,0.02,0.07,100.0,2022-09-30 20:00:00+00:00,,
97,FTX,Perpetual,C98,C98-PERP,0.5251,0.5258,1655917761.285697,0,0.02,0.07,inf,,-7.1e-05,2022-06-22 15:00:00+00:00
98,FTX,Perpetual,CAKE,CAKE-PERP,3.0525,3.055,1655917761.285704,0,0.02,0.07,inf,,-3e-05,2022-06-22 15:00:00+00:00
99,FTX,Perpetual,CEL,CEL-PERP,0.948,0.9485,1655917761.285712,0,0.02,0.07,inf,,-0.000531,2022-06-22 15:00:00+00:00
100,FTX,Delivery,CEL,CEL-0624,0.9,0.9495,1655917761.285721,0,0.02,0.07,1.0,2022-06-24 03:00:00+00:00,,
101,FTX,Delivery,CEL,CEL-0930,0.56,0.5605,1655917761.285731,0,0.02,0.07,99.0,2022-09-30 03:00:00+00:00,,
102,FTX,Perpetual,CELO,CELO-PERP,0.879,0.8795,1655917761.285739,0,0.02,0.07,inf,,2.4e-05,2022-06-22 15:00:00+00:00
103,FTX,Delivery,CGC,CGC-0624,3.425,3.4575,1655917761.285749,0,0.02,0.07,2.0,2022-06-24 20:00:00+00:00,,
104,FTX,Delivery,CGC,CGC-0930,3.4275,3.4725,1655917761.285758,0,0.02,0.07,100.0,2022-09-30 20:00:00+00:00,,
105,FTX,Perpetual,CHR,CHR-PERP,0.19335,0.1937,1655917761.285766,0,0.02,0.07,inf,,9e-06,2022-06-22 15:00:00+00:00
106,FTX,Perpetual,CHZ,CHZ-PERP,0.093473,0.093563,1655917761.285773,0,0.02,0.07,inf,,-1.3e-05,2022-06-22 15:00:00+00:00
107,FTX,Delivery,CHZ,CHZ-0624,0.092905,0.093515,1655917761.285783,0,0.02,0.07,1.0,2022-06-24 03:00:00+00:00,,
108,FTX,Delivery,CHZ,CHZ-0930,0.093233,0.093851,1655917761.285792,0,0.02,0.07,99.0,2022-09-30 03:00:00+00:00,,
109,FTX,Perpetual,CLV,CLV-PERP,0.099,0.0995,1655917761.285801,0,0.02,0.07,inf,,-0.000126,2022-06-22 15:00:00+00:00
110,FTX,Perpetual,COMP,COMP-PERP,39.22,39.25,1655917761.285808,0,0.02,0.07,inf,,-8e-06,2022-06-22 15:00:00+00:00
111,FTX,Delivery,COMP,COMP-0624,38.99,39.13,1655917761.285818,0,0.02,0.07,1.0,2022-06-24 03:00:00+00:00,,
112,FTX,Delivery,COMP,COMP-0930,38.24,38.81,1655917761.285827,0,0.02,0.07,99.0,2022-09-30 03:00:00+00:00,,
113,FTX,Perpetual,CREAM,CREAM-PERP,16.5,16.55,1655917761.285835,0,0.02,0.07,inf,,0.0,2022-06-22 15:00:00+00:00
114,FTX,Perpetual,CRO,CRO-PERP,0.114675,0.114775,1655917761.285842,0,0.02,0.07,inf,,3e-06,2022-06-22 15:00:00+00:00
115,FTX,Delivery,CRON,CRON-0624,2.771,2.777,1655917761.285852,0,0.02,0.07,2.0,2022-06-24 20:00:00+00:00,,
116,FTX,Delivery,CRON,CRON-0930,2.769,2.78,1655917761.285861,0,0.02,0.07,100.0,2022-09-30 20:00:00+00:00,,
117,FTX,Perpetual,CRV,CRV-PERP,0.73925,0.7398,1655917761.285869,0,0.02,0.07,inf,,-5e-05,2022-06-22 15:00:00+00:00
118,FTX,Perpetual,CVC,CVC-PERP,0.1352,0.1354,1655917761.285876,0,0.02,0.07,inf,,-4e-06,2022-06-22 15:00:00+00:00
119,FTX,Perpetual,CVX,CVX-PERP,4.205,4.22,1655917761.285883,0,0.02,0.07,inf,,-0.000172,2022-06-22 15:00:00+00:00
120,FTX,Perpetual,DASH,DASH-PERP,46.05,46.1,1655917761.285891,0,0.02,0.07,inf,,-3e-06,2022-06-22 15:00:00+00:00
121,FTX,Perpetual,DAWN,DAWN-PERP,0.8155,0.8195,1655917761.285898,0,0.02,0.07,inf,,-2e-05,2022-06-22 15:00:00+00:00
122,FTX,Perpetual,DEFI,DEFI-PERP,2634.3,2636.6,1655917761.285906,0,0.02,0.07,inf,,-4.6e-05,2022-06-22 16:00:00+00:00
123,FTX,Delivery,DEFI,DEFI-0624,2639.5,2654.5,1655917761.285916,0,0.02,0.07,1.0,2022-06-24 03:00:00+00:00,,
124,FTX,Delivery,DEFI,DEFI-0930,2572.8,2597.9,1655917761.285925,0,0.02,0.07,99.0,2022-09-30 03:00:00+00:00,,
125,FTX,Perpetual,DENT,DENT-PERP,0.000897,0.000899,1655917761.285933,0,0.02,0.07,inf,,-2.2e-05,2022-06-22 16:00:00+00:00
126,FTX,Delivery,DKNG,DKNG-0624,12.905,12.96,1655917761.285942,0,0.02,0.07,2.0,2022-06-24 20:00:00+00:00,,
127,FTX,Delivery,DKNG,DKNG-0930,12.91,12.965,1655917761.285951,0,0.02,0.07,100.0,2022-09-30 20:00:00+00:00,,
128,FTX,Perpetual,DODO,DODO-PERP,0.121,0.1215,1655917761.28596,0,0.02,0.07,inf,,1.1e-05,2022-06-22 15:00:00+00:00
129,FTX,Perpetual,DOGE,DOGE-PERP,0.062563,0.062591,1655917761.285969,0,0.02,0.07,inf,,-2e-06,2022-06-22 15:00:00+00:00
130,FTX,Delivery,DOGE,DOGE-0624,0.062453,0.0625425,1655917761.285978,0,0.02,0.07,1.0,2022-06-24 03:00:00+00:00,,
131,FTX,Delivery,DOGE,DOGE-0930,0.062147,0.0629905,1655917761.285988,0,0.02,0.07,99.0,2022-09-30 03:00:00+00:00,,
132,FTX,Perpetual,DOT,DOT-PERP,7.566,7.569,1655917761.285995,0,0.02,0.07,inf,,-2.3e-05,2022-06-22 15:00:00+00:00
133,FTX,Delivery,DOT,DOT-0624,7.512,7.532,1655917761.286005,0,0.02,0.07,1.0,2022-06-24 03:00:00+00:00,,
134,FTX,Delivery,DOT,DOT-0930,7.284,7.364,1655917761.286014,0,0.02,0.07,99.0,2022-09-30 03:00:00+00:00,,
135,FTX,Perpetual,DRGN,DRGN-PERP,1431.8,1436.0,1655917761.286021,0,0.02,0.07,inf,,1.5e-05,2022-06-22 16:00:00+00:00
136,FTX,Delivery,DRGN,DRGN-0624,1436.4,1437.7,1655917761.286031,0,0.02,0.07,1.0,2022-06-24 03:00:00+00:00,,
137,FTX,Delivery,DRGN,DRGN-0930,,,1655917761.286039,0,0.02,0.07,99.0,2022-09-30 03:00:00+00:00,,
138,FTX,Perpetual,DYDX,DYDX-PERP,1.481,1.484,1655917761.286048,0,0.02,0.07,inf,,-6.8e-05,2022-06-22 15:00:00+00:00
139,FTX,Perpetual,EDEN,EDEN-PERP,0.07,0.0705,1655917761.286056,0,0.02,0.07,inf,,0.000194,2022-06-22 15:00:00+00:00
140,FTX,Delivery,EDEN,EDEN-0624,0.069,0.071,1655917761.286065,0,0.02,0.07,1.0,2022-06-24 03:00:00+00:00,,
141,FTX,Perpetual,EGLD,EGLD-PERP,59.9,59.96,1655917761.286073,0,0.02,0.07,inf,,7e-06,2022-06-22 15:00:00+00:00
142,FTX,Perpetual,ENJ,ENJ-PERP,0.46605,0.46655,1655917761.286081,0,0.02,0.07,inf,,1e-06,2022-06-22 15:00:00+00:00
143,FTX,Perpetual,ENS,ENS-PERP,8.855,8.865,1655917761.286088,0,0.02,0.07,inf,,-7e-06,2022-06-22 15:00:00+00:00
144,FTX,Perpetual,EOS,EOS-PERP,0.936,0.9365,1655917761.286096,0,0.02,0.07,inf,,-2.2e-05,2022-06-22 15:00:00+00:00
145,FTX,Delivery,EOS,EOS-0624,0.934,0.93525,1655917761.286105,0,0.02,0.07,1.0,2022-06-24 03:00:00+00:00,,
146,FTX,Delivery,EOS,EOS-0930,0.9265,0.928,1655917761.286115,0,0.02,0.07,99.0,2022-09-30 03:00:00+00:00,,
147,FTX,Perpetual,ETC,ETC-PERP,15.3975,15.408,1655917761.286123,0,0.02,0.07,inf,,0.0,2022-06-22 15:00:00+00:00
148,FTX,Perpetual,ETH,ETH-PERP,1074.2,1074.3,1655917761.28613,0,0.02,0.07,inf,,-3e-06,2022-06-22 15:00:00+00:00
149,FTX,Delivery,ETH,ETH-0624,1073.2,1073.8,1655917761.28614,0,0.02,0.07,1.0,2022-06-24 03:00:00+00:00,,
150,FTX,Delivery,ETH,ETH-0930,1064.3,1064.5,1655917761.286149,0,0.02,0.07,99.0,2022-09-30 03:00:00+00:00,,
151,FTX,Delivery,ETH,ETH-1230,1070.0,1077.1,1655917761.286158,0,0.02,0.07,190.0,2022-12-30 03:00:00+00:00,,
152,FTX,Delivery,ETHE,ETHE-0624,7.15,7.3,1655917761.286167,0,0.02,0.07,2.0,2022-06-24 20:00:00+00:00,,
153,FTX,Delivery,ETHE,ETHE-0930,7.249,7.421,1655917761.286177,0,0.02,0.07,100.0,2022-09-30 20:00:00+00:00,,
154,FTX,Perpetual,EXCH,EXCH-PERP,6042.3,6049.6,1655917761.286185,0,0.02,0.07,inf,,-1e-06,2022-06-22 16:00:00+00:00
155,FTX,Delivery,EXCH,EXCH-0624,6029.0,6049.7,1655917761.286195,0,0.02,0.07,1.0,2022-06-24 03:00:00+00:00,,
156,FTX,Delivery,EXCH,EXCH-0930,5921.4,5940.2,1655917761.286204,0,0.02,0.07,99.0,2022-09-30 03:00:00+00:00,,
157,FTX,Delivery,FB,FB-0624,158.92,159.05,1655917761.286213,0,0.02,0.07,2.0,2022-06-24 20:00:00+00:00,,
158,FTX,Delivery,FB,FB-0930,158.99,159.11,1655917761.286222,0,0.02,0.07,100.0,2022-09-30 20:00:00+00:00,,
159,FTX,Perpetual,FIDA,FIDA-PERP,0.3433,0.3446,1655917761.28623,0,0.02,0.07,inf,,-0.000157,2022-06-22 16:00:00+00:00
160,FTX,Perpetual,FIL,FIL-PERP,5.715,5.72,1655917761.286238,0,0.02,0.07,inf,,9e-06,2022-06-22 15:00:00+00:00
161,FTX,Delivery,FIL,FIL-0624,5.44,6.01,1655917761.286248,0,0.02,0.07,1.0,2022-06-24 03:00:00+00:00,,
162,FTX,Delivery,FIL,FIL-0930,5.72,5.81,1655917761.286262,0,0.02,0.07,99.0,2022-09-30 03:00:00+00:00,,
163,FTX,Perpetual,FLM,FLM-PERP,0.1105,0.111,1655917761.28627,0,0.02,0.07,inf,,-7.2e-05,2022-06-22 15:00:00+00:00
164,FTX,Perpetual,FLOW,FLOW-PERP,1.485,1.49,1655917761.286278,0,0.02,0.07,inf,,-7e-05,2022-06-22 15:00:00+00:00
165,FTX,Perpetual,FTM,FTM-PERP,0.26325,0.2633,1655917761.286285,0,0.02,0.07,inf,,-7e-06,2022-06-22 15:00:00+00:00
166,FTX,Delivery,FTM,FTM-0930,0.2551,0.26895,1655917761.286295,0,0.02,0.07,99.0,2022-09-30 03:00:00+00:00,,
167,FTX,Perpetual,FTT,FTT-PERP,25.5985,25.603,1655917761.286303,0,0.02,0.07,inf,,-6.3e-05,2022-06-22 15:00:00+00:00
168,FTX,Perpetual,FXS,FXS-PERP,5.2,5.21,1655917761.286326,0,0.02,0.07,inf,,-1.5e-05,2022-06-22 16:00:00+00:00
169,FTX,Perpetual,GAL,GAL-PERP,2.6775,2.68,1655917761.286334,0,0.02,0.07,inf,,-2.7e-05,2022-06-22 15:00:00+00:00
170,FTX,Perpetual,GALA,GALA-PERP,0.055025,0.055075,1655917761.286341,0,0.02,0.07,inf,,-1.3e-05,2022-06-22 15:00:00+00:00
171,FTX,Delivery,GBTC,GBTC-0624,13.16,13.34,1655917761.286351,0,0.02,0.07,2.0,2022-06-24 20:00:00+00:00,,
172,FTX,Delivery,GBTC,GBTC-0930,13.38,13.47,1655917761.28636,0,0.02,0.07,100.0,2022-09-30 20:00:00+00:00,,
173,FTX,Delivery,GDX,GDX-0624,30.205,30.265,1655917761.28637,0,0.02,0.07,2.0,2022-06-24 20:00:00+00:00,,
174,FTX,Delivery,GDX,GDX-0930,30.18,30.29,1655917761.286379,0,0.02,0.07,100.0,2022-09-30 20:00:00+00:00,,
175,FTX,Delivery,GDXJ,GDXJ-0624,36.215,36.31,1655917761.286389,0,0.02,0.07,2.0,2022-06-24 20:00:00+00:00,,
176,FTX,Delivery,GDXJ,GDXJ-0930,36.22,36.38,1655917761.286398,0,0.02,0.07,100.0,2022-09-30 20:00:00+00:00,,
177,FTX,Delivery,GLD,GLD-0624,171.275,171.45,1655917761.286407,0,0.02,0.07,2.0,2022-06-24 20:00:00+00:00,,
178,FTX,Delivery,GLD,GLD-0930,171.3,171.475,1655917761.286417,0,0.02,0.07,100.0,2022-09-30 20:00:00+00:00,,
179,FTX,Perpetual,GLMR,GLMR-PERP,0.61525,0.61575,1655917761.286424,0,0.02,0.07,inf,,7.7e-05,2022-06-22 15:00:00+00:00
180,FTX,Delivery,GME,GME-0624,140.0,141.01,1655917761.286448,0,0.02,0.07,2.0,2022-06-24 20:00:00+00:00,,
181,FTX,Delivery,GME,GME-0930,138.06,139.58,1655917761.286457,0,0.02,0.07,100.0,2022-09-30 20:00:00+00:00,,
182,FTX,Perpetual,GMT,GMT-PERP,0.76825,0.7684,1655917761.286465,0,0.02,0.07,inf,,-6.5e-05,2022-06-22 15:00:00+00:00
183,FTX,Delivery,GMT,GMT-0930,0.6979,0.70315,1655917761.286474,0,0.02,0.07,99.0,2022-09-30 03:00:00+00:00,,
184,FTX,Delivery,GOOGL,GOOGL-0624,2253.7,2255.1,1655917761.286484,0,0.02,0.07,2.0,2022-06-24 20:00:00+00:00,,
185,FTX,Delivery,GOOGL,GOOGL-0930,2254.4,2256.0,1655917761.286493,0,0.02,0.07,100.0,2022-09-30 20:00:00+00:00,,
186,FTX,Perpetual,GRT,GRT-PERP,0.1064,0.10645,1655917761.286501,0,0.02,0.07,inf,,-6e-06,2022-06-22 15:00:00+00:00
187,FTX,Delivery,GRT,GRT-0624,0.1062,0.1066,1655917761.28651,0,0.02,0.07,1.0,2022-06-24 03:00:00+00:00,,
188,FTX,Delivery,GRT,GRT-0930,0.1078,0.1083,1655917761.286519,0,0.02,0.07,99.0,2022-09-30 03:00:00+00:00,,
189,FTX,Perpetual,GST,GST-PERP,0.2025,0.203,1655917761.286527,0,0.02,0.07,inf,,-0.000339,2022-06-22 15:00:00+00:00
190,FTX,Delivery,GST,GST-0930,0.0815,0.083,1655917761.286537,0,0.02,0.07,99.0,2022-09-30 03:00:00+00:00,,
191,FTX,Perpetual,HBAR,HBAR-PERP,0.07275,0.0728,1655917761.286599,0,0.02,0.07,inf,,-1.2e-05,2022-06-22 16:00:00+00:00
192,FTX,Perpetual,HNT,HNT-PERP,10.1691,10.1797,1655917761.286607,0,0.02,0.07,inf,,-6e-06,2022-06-22 16:00:00+00:00
193,FTX,Perpetual,HOLY,HOLY-PERP,6.1629,6.1799,1655917761.286614,0,0.02,0.07,inf,,0.000133,2022-06-22 15:00:00+00:00
194,FTX,Perpetual,HOT,HOT-PERP,0.002143,0.002147,1655917761.286621,0,0.02,0.07,inf,,-5.5e-05,2022-06-22 16:00:00+00:00
195,FTX,Perpetual,HT,HT-PERP,5.1405,5.1505,1655917761.286629,0,0.02,0.07,inf,,-2.4e-05,2022-06-22 15:00:00+00:00
196,FTX,Perpetual,ICP,ICP-PERP,5.59,5.6,1655917761.286636,0,0.02,0.07,inf,,2e-06,2022-06-22 15:00:00+00:00
197,FTX,Perpetual,ICX,ICX-PERP,0.27725,0.27775,1655917761.286643,0,0.02,0.07,inf,,-2.1e-05,2022-06-22 16:00:00+00:00
198,FTX,Perpetual,IMX,IMX-PERP,0.78375,0.78425,1655917761.286651,0,0.02,0.07,inf,,9e-06,2022-06-22 16:00:00+00:00
199,FTX,Perpetual,IOST,IOST-PERP,0.014795,0.01482,1655917761.286658,0,0.02,0.07,inf,,-3e-05,2022-06-22 16:00:00+00:00
200,FTX,Perpetual,IOTA,IOTA-PERP,0.2824,0.2825,1655917761.286665,0,0.02,0.07,inf,,1.2e-05,2022-06-22 15:00:00+00:00
201,FTX,Perpetual,JASMY,JASMY-PERP,0.009515,0.009525,1655917761.286672,0,0.02,0.07,inf,,-7e-06,2022-06-22 15:00:00+00:00
202,FTX,Perpetual,KAVA,KAVA-PERP,1.656,1.659,1655917761.286679,0,0.02,0.07,inf,,-9e-06,2022-06-22 16:00:00+00:00
203,FTX,Perpetual,KBTT,KBTT-PERP,0.000771,0.0007735,1655917761.286687,0,0.02,0.07,inf,,-6e-06,2022-06-22 15:00:00+00:00
204,FTX,Perpetual,KNC,KNC-PERP,1.3295,1.3306,1655917761.286694,0,0.02,0.07,inf,,4.9e-05,2022-06-22 15:00:00+00:00
205,FTX,Perpetual,KSHIB,KSHIB-PERP,0.00999,0.01001,1655917761.286701,0,0.02,0.07,inf,,-5.7e-05,2022-06-22 15:00:00+00:00
206,FTX,Perpetual,KSM,KSM-PERP,52.79,52.84,1655917761.286708,0,0.02,0.07,inf,,-4.1e-05,2022-06-22 16:00:00+00:00
207,FTX,Perpetual,KSOS,KSOS-PERP,0.000372,0.000373,1655917761.286715,0,0.02,0.07,inf,,-2.8e-05,2022-06-22 15:00:00+00:00
208,FTX,Perpetual,LEO,LEO-PERP,5.81,5.8179,1655917761.286723,0,0.02,0.07,inf,,3.5e-05,2022-06-22 15:00:00+00:00
209,FTX,Perpetual,LINA,LINA-PERP,0.008415,0.00842,1655917761.28673,0,0.02,0.07,inf,,-3.5e-05,2022-06-22 16:00:00+00:00
210,FTX,Perpetual,LINK,LINK-PERP,6.727,6.7305,1655917761.286737,0,0.02,0.07,inf,,-4e-06,2022-06-22 15:00:00+00:00
211,FTX,Delivery,LINK,LINK-0624,6.7275,6.7385,1655917761.286747,0,0.02,0.07,1.0,2022-06-24 03:00:00+00:00,,
212,FTX,Delivery,LINK,LINK-0930,6.68,6.7535,1655917761.286756,0,0.02,0.07,99.0,2022-09-30 03:00:00+00:00,,
213,FTX,Perpetual,LOOKS,LOOKS-PERP,0.36125,0.36175,1655917761.286764,0,0.02,0.07,inf,,4e-06,2022-06-22 15:00:00+00:00
214,FTX,Perpetual,LRC,LRC-PERP,0.3872,0.3876,1655917761.286772,0,0.02,0.07,inf,,-1e-05,2022-06-22 15:00:00+00:00
215,FTX,Perpetual,LTC,LTC-PERP,51.82,51.83,1655917761.286779,0,0.02,0.07,inf,,-9e-06,2022-06-22 15:00:00+00:00
216,FTX,Delivery,LTC,LTC-0624,51.75,51.81,1655917761.286788,0,0.02,0.07,1.0,2022-06-24 03:00:00+00:00,,
217,FTX,Delivery,LTC,LTC-0930,51.58,51.77,1655917761.286797,0,0.02,0.07,99.0,2022-09-30 03:00:00+00:00,,
218,FTX,Perpetual,MANA,MANA-PERP,0.8365,0.8371,1655917761.286805,0,0.02,0.07,inf,,-6e-06,2022-06-22 15:00:00+00:00
219,FTX,Perpetual,MAPS,MAPS-PERP,0.2248,0.2249,1655917761.286812,0,0.02,0.07,inf,,-3.6e-05,2022-06-22 16:00:00+00:00
220,FTX,Perpetual,MATIC,MATIC-PERP,0.414945,0.4150825,1655917761.28682,0,0.02,0.07,inf,,-3e-06,2022-06-22 15:00:00+00:00
221,FTX,Perpetual,MEDIA,MEDIA-PERP,22.7,23.0,1655917761.286827,0,0.02,0.07,inf,,0.000118,2022-06-22 15:00:00+00:00
222,FTX,Perpetual,MID,MID-PERP,1263.8,1265.0,1655917761.286834,0,0.02,0.07,inf,,-1.2e-05,2022-06-22 15:00:00+00:00
223,FTX,Delivery,MID,MID-0624,1261.7,1265.6,1655917761.286844,0,0.02,0.07,1.0,2022-06-24 03:00:00+00:00,,
224,FTX,Delivery,MID,MID-0930,1256.3,1261.7,1655917761.286853,0,0.02,0.07,99.0,2022-09-30 03:00:00+00:00,,
225,FTX,Perpetual,MINA,MINA-PERP,0.61725,0.61825,1655917761.286861,0,0.02,0.07,inf,,-7.6e-05,2022-06-22 15:00:00+00:00
226,FTX,Perpetual,MKR,MKR-PERP,923.5,924.0,1655917761.286868,0,0.02,0.07,inf,,-1e-06,2022-06-22 15:00:00+00:00
227,FTX,Perpetual,MNGO,MNGO-PERP,0.0502,0.05035,1655917761.286875,0,0.02,0.07,inf,,3.1e-05,2022-06-22 16:00:00+00:00
228,FTX,Perpetual,MOB,MOB-PERP,1.067,1.073,1655917761.286883,0,0.02,0.07,inf,,-8e-06,2022-06-22 15:00:00+00:00
229,FTX,Delivery,MRNA,MRNA-0624,138.09,138.35,1655917761.286892,0,0.02,0.07,2.0,2022-06-24 20:00:00+00:00,,
230,FTX,Delivery,MRNA,MRNA-0930,138.07,138.9,1655917761.286901,0,0.02,0.07,100.0,2022-09-30 20:00:00+00:00,,
231,FTX,Delivery,MSTR,MSTR-0624,172.225,172.675,1655917761.28691,0,0.02,0.07,2.0,2022-06-24 20:00:00+00:00,,
232,FTX,Delivery,MSTR,MSTR-0930,172.2,172.825,1655917761.286919,0,0.02,0.07,100.0,2022-09-30 20:00:00+00:00,,
233,FTX,Perpetual,MTL,MTL-PERP,1.402,1.4035,1655917761.286927,0,0.02,0.07,inf,,-9.5e-05,2022-06-22 15:00:00+00:00
234,FTX,Perpetual,MVDA10,MVDA10-PERP,9200.0,9215.0,1655917761.286934,0,0.02,0.07,inf,,5e-06,2022-06-22 16:00:00+00:00
235,FTX,Perpetual,MVDA25,MVDA25-PERP,7517.5,7537.5,1655917761.286942,0,0.02,0.07,inf,,8e-06,2022-06-22 15:00:00+00:00
236,FTX,Perpetual,NEAR,NEAR-PERP,3.351,3.352,1655917761.286949,0,0.02,0.07,inf,,-2.5e-05,2022-06-22 15:00:00+00:00
237,FTX,Perpetual,NEO,NEO-PERP,8.9575,8.97,1655917761.286956,0,0.02,0.07,inf,,-3.1e-05,2022-06-22 15:00:00+00:00
238,FTX,Delivery,NFLX,NFLX-0624,179.45,179.69,1655917761.286965,0,0.02,0.07,2.0,2022-06-24 20:00:00+00:00,,
239,FTX,Delivery,NFLX,NFLX-0930,179.52,179.68,1655917761.286975,0,0.02,0.07,100.0,2022-09-30 20:00:00+00:00,,
240,FTX,Delivery,NIO,NIO-0624,22.595,22.63,1655917761.286984,0,0.02,0.07,2.0,2022-06-24 20:00:00+00:00,,
241,FTX,Delivery,NIO,NIO-0930,22.59,22.63,1655917761.286993,0,0.02,0.07,100.0,2022-09-30 20:00:00+00:00,,
242,FTX,Delivery,NOK,NOK-0624,4.703,4.7135,1655917761.287002,0,0.02,0.07,2.0,2022-06-24 20:00:00+00:00,,
243,FTX,Delivery,NOK,NOK-0930,4.674,4.7225,1655917761.287011,0,0.02,0.07,100.0,2022-09-30 20:00:00+00:00,,
244,FTX,Delivery,NVDA,NVDA-0624,164.35,164.75,1655917761.28702,0,0.02,0.07,2.0,2022-06-24 20:00:00+00:00,,
245,FTX,Delivery,NVDA,NVDA-0930,164.35,164.95,1655917761.287029,0,0.02,0.07,100.0,2022-09-30 20:00:00+00:00,,
246,FTX,Perpetual,OKB,OKB-PERP,11.2705,11.2815,1655917761.287036,0,0.02,0.07,inf,,-4.4e-05,2022-06-22 15:00:00+00:00
247,FTX,Delivery,OKB,OKB-0624,11.2125,11.2715,1655917761.287046,0,0.02,0.07,1.0,2022-06-24 03:00:00+00:00,,
248,FTX,Delivery,OKB,OKB-0930,10.9655,11.0485,1655917761.287055,0,0.02,0.07,99.0,2022-09-30 03:00:00+00:00,,
249,FTX,Perpetual,OMG,OMG-PERP,1.817,1.8195,1655917761.287062,0,0.02,0.07,inf,,-8e-06,2022-06-22 15:00:00+00:00
250,FTX,Delivery,OMG,OMG-0624,1.8155,1.8225,1655917761.287071,0,0.02,0.07,1.0,2022-06-24 03:00:00+00:00,,
251,FTX,Delivery,OMG,OMG-0930,1.803,1.813,1655917761.28708,0,0.02,0.07,99.0,2022-09-30 03:00:00+00:00,,
252,FTX,Perpetual,ONE,ONE-PERP,0.02615,0.026175,1655917761.287088,0,0.02,0.07,inf,,-1e-05,2022-06-22 16:00:00+00:00
253,FTX,Perpetual,ONT,ONT-PERP,0.22825,0.22855,1655917761.287095,0,0.02,0.07,inf,,7e-06,2022-06-22 15:00:00+00:00
254,FTX,Perpetual,OP,OP-PERP,0.48375,0.4845,1655917761.287102,0,0.02,0.07,inf,,-2.6e-05,2022-06-22 15:00:00+00:00
255,FTX,Delivery,OP,OP-0930,0.4805,0.487,1655917761.287112,0,0.02,0.07,99.0,2022-09-30 03:00:00+00:00,,
256,FTX,Perpetual,OXY,OXY-PERP,0.0855,0.0865,1655917761.287119,0,0.02,0.07,inf,,0.000175,2022-06-22 15:00:00+00:00
257,FTX,Perpetual,PAXG,PAXG-PERP,1841.3,1842.0,1655917761.287127,0,0.02,0.07,inf,,4.5e-05,2022-06-22 16:00:00+00:00
258,FTX,Delivery,PENN,PENN-0624,28.55,28.6,1655917761.287136,0,0.02,0.07,2.0,2022-06-24 20:00:00+00:00,,
259,FTX,Delivery,PENN,PENN-0930,28.55,28.66,1655917761.287145,0,0.02,0.07,100.0,2022-09-30 20:00:00+00:00,,
260,FTX,Perpetual,PEOPLE,PEOPLE-PERP,0.02289,0.02292,1655917761.287153,0,0.02,0.07,inf,,-1.7e-05,2022-06-22 15:00:00+00:00
261,FTX,Perpetual,PERP,PERP-PERP,0.771,0.775,1655917761.28716,0,0.02,0.07,inf,,-0.000215,2022-06-22 15:00:00+00:00
262,FTX,Delivery,PFE,PFE-0624,49.19,49.24,1655917761.28717,0,0.02,0.07,2.0,2022-06-24 20:00:00+00:00,,
263,FTX,Delivery,PFE,PFE-0930,48.79,48.84,1655917761.28718,0,0.02,0.07,100.0,2022-09-30 20:00:00+00:00,,
264,FTX,Perpetual,POLIS,POLIS-PERP,0.372025,0.37205,1655917761.287187,0,0.02,0.07,inf,,2.1e-05,2022-06-22 15:00:00+00:00
265,FTX,Delivery,TRUMP2024,TRUMP2024,0.411,0.436,1655917761.287197,0,0.02,0.07,876.0,2024-11-15 00:00:00+00:00,,
266,FTX,Perpetual,PRIV,PRIV-PERP,852.8,854.1,1655917761.287204,0,0.02,0.07,inf,,1.8e-05,2022-06-22 15:00:00+00:00
267,FTX,Delivery,PRIV,PRIV-0624,850.7,854.4,1655917761.287214,0,0.02,0.07,1.0,2022-06-24 03:00:00+00:00,,
268,FTX,Delivery,PRIV,PRIV-0930,851.3,856.1,1655917761.287223,0,0.02,0.07,99.0,2022-09-30 03:00:00+00:00,,
269,FTX,Perpetual,PROM,PROM-PERP,3.425,3.445,1655917761.287231,0,0.02,0.07,inf,,5.4e-05,2022-06-22 16:00:00+00:00
270,FTX,Perpetual,PUNDIX,PUNDIX-PERP,0.431,0.432,1655917761.287238,0,0.02,0.07,inf,,-0.000168,2022-06-22 15:00:00+00:00
271,FTX,Delivery,PYPL,PYPL-0624,73.6,73.7,1655917761.287249,0,0.02,0.07,2.0,2022-06-24 20:00:00+00:00,,
272,FTX,Delivery,PYPL,PYPL-0930,73.575,73.775,1655917761.287258,0,0.02,0.07,100.0,2022-09-30 20:00:00+00:00,,
273,FTX,Perpetual,QTUM,QTUM-PERP,2.765,2.768,1655917761.287266,0,0.02,0.07,inf,,-4e-06,2022-06-22 15:00:00+00:00
274,FTX,Perpetual,RAMP,RAMP-PERP,0.0408,0.0409,1655917761.287273,0,0.02,0.07,inf,,-8.4e-05,2022-06-22 16:00:00+00:00
275,FTX,Perpetual,RAY,RAY-PERP,0.6841,0.6844,1655917761.287281,0,0.02,0.07,inf,,-1e-06,2022-06-22 15:00:00+00:00
276,FTX,Perpetual,REEF,REEF-PERP,0.00343,0.003435,1655917761.287288,0,0.02,0.07,inf,,-4.7e-05,2022-06-22 15:00:00+00:00
277,FTX,Delivery,REEF,REEF-0624,0.003375,0.0035,1655917761.287298,0,0.02,0.07,1.0,2022-06-24 03:00:00+00:00,,
278,FTX,Perpetual,REN,REN-PERP,0.1087,0.10885,1655917761.287321,0,0.02,0.07,inf,,4.9e-05,2022-06-22 16:00:00+00:00
279,FTX,Perpetual,RNDR,RNDR-PERP,0.498,0.4995,1655917761.287329,0,0.02,0.07,inf,,-3.5e-05,2022-06-22 15:00:00+00:00
280,FTX,Perpetual,RON,RON-PERP,0.2755,0.276,1655917761.287336,0,0.02,0.07,inf,,0.000115,2022-06-22 15:00:00+00:00
281,FTX,Perpetual,ROSE,ROSE-PERP,0.0518,0.05185,1655917761.287363,0,0.02,0.07,inf,,-4.9e-05,2022-06-22 16:00:00+00:00
282,FTX,Perpetual,RSR,RSR-PERP,0.008615,0.008625,1655917761.287373,0,0.02,0.07,inf,,-6.8e-05,2022-06-22 15:00:00+00:00
283,FTX,Perpetual,RUNE,RUNE-PERP,1.7935,1.7945,1655917761.28738,0,0.02,0.07,inf,,2.3e-05,2022-06-22 15:00:00+00:00
284,FTX,Perpetual,SAND,SAND-PERP,0.94215,0.94285,1655917761.287388,0,0.02,0.07,inf,,-2.5e-05,2022-06-22 15:00:00+00:00
285,FTX,Perpetual,SC,SC-PERP,0.003905,0.003915,1655917761.287395,0,0.02,0.07,inf,,-7e-06,2022-06-22 15:00:00+00:00
286,FTX,Perpetual,SCRT,SCRT-PERP,0.97125,0.97425,1655917761.287403,0,0.02,0.07,inf,,6.9e-05,2022-06-22 15:00:00+00:00
287,FTX,Perpetual,SECO,SECO-PERP,3.7827,3.8775,1655917761.28741,0,0.02,0.07,inf,,0.000202,2022-06-22 15:00:00+00:00
288,FTX,Perpetual,SHIB,SHIB-PERP,9.98e-06,9.99e-06,1655917761.287417,0,0.02,0.07,inf,,-3.7e-05,2022-06-22 15:00:00+00:00
289,FTX,Perpetual,SHIT,SHIT-PERP,2062.2,2065.2,1655917761.287425,0,0.02,0.07,inf,,-0.000149,2022-06-22 15:00:00+00:00
290,FTX,Delivery,SHIT,SHIT-0624,2059.8,2065.5,1655917761.287436,0,0.02,0.07,1.0,2022-06-24 03:00:00+00:00,,
291,FTX,Delivery,SHIT,SHIT-0930,2016.4,2029.7,1655917761.287446,0,0.02,0.07,99.0,2022-09-30 03:00:00+00:00,,
292,FTX,Perpetual,SKL,SKL-PERP,0.0525,0.0527,1655917761.287453,0,0.02,0.07,inf,,-1.2e-05,2022-06-22 15:00:00+00:00
293,FTX,Perpetual,SLP,SLP-PERP,0.003675,0.0037,1655917761.28746,0,0.02,0.07,inf,,-4.9e-05,2022-06-22 15:00:00+00:00
294,FTX,Delivery,SLV,SLV-0624,19.765,19.855,1655917761.28747,0,0.02,0.07,2.0,2022-06-24 20:00:00+00:00,,
295,FTX,Delivery,SLV,SLV-0930,19.8025,19.845,1655917761.287479,0,0.02,0.07,100.0,2022-09-30 20:00:00+00:00,,
296,FTX,Perpetual,SNX,SNX-PERP,3.207,3.211,1655917761.287487,0,0.02,0.07,inf,,-6.4e-05,2022-06-22 15:00:00+00:00
297,FTX,Perpetual,SOL,SOL-PERP,34.8725,34.88,1655917761.287494,0,0.02,0.07,inf,,0.0,2022-06-22 15:00:00+00:00
298,FTX,Delivery,SOL,SOL-0624,34.8225,34.875,1655917761.287504,0,0.02,0.07,1.0,2022-06-24 03:00:00+00:00,,
299,FTX,Delivery,SOL,SOL-0930,34.2225,34.305,1655917761.287513,0,0.02,0.07,99.0,2022-09-30 03:00:00+00:00,,
300,FTX,Perpetual,SOS,SOS-PERP,3.7e-07,3.8e-07,1655917761.287528,0,0.02,0.07,inf,,-0.000993,2022-06-22 15:00:00+00:00
301,FTX,Perpetual,SPELL,SPELL-PERP,0.0007725,0.000775,1655917761.287536,0,0.02,0.07,inf,,-0.000275,2022-06-22 15:00:00+00:00
302,FTX,Delivery,SPY,SPY-0624,376.11,376.72,1655917761.287546,0,0.02,0.07,2.0,2022-06-24 20:00:00+00:00,,
303,FTX,Delivery,SPY,SPY-0930,374.0,375.93,1655917761.287556,0,0.02,0.07,100.0,2022-09-30 20:00:00+00:00,,
304,FTX,Delivery,SQ,SQ-0624,61.575,61.8,1655917761.287565,0,0.02,0.07,2.0,2022-06-24 20:00:00+00:00,,
305,FTX,Delivery,SQ,SQ-0930,61.65,61.875,1655917761.287574,0,0.02,0.07,100.0,2022-09-30 20:00:00+00:00,,
306,FTX,Perpetual,SRM,SRM-PERP,0.856,0.857,1655917761.287581,0,0.02,0.07,inf,,-3.7e-05,2022-06-22 15:00:00+00:00
307,FTX,Perpetual,STEP,STEP-PERP,0.0635,0.064,1655917761.287589,0,0.02,0.07,inf,,-1.6e-05,2022-06-22 15:00:00+00:00
308,FTX,Perpetual,STMX,STMX-PERP,0.006745,0.00676,1655917761.287596,0,0.02,0.07,inf,,-1.7e-05,2022-06-22 15:00:00+00:00
309,FTX,Perpetual,STORJ,STORJ-PERP,0.645,0.646,1655917761.287605,0,0.02,0.07,inf,,-6.6e-05,2022-06-22 15:00:00+00:00
310,FTX,Perpetual,STX,STX-PERP,0.381,0.38175,1655917761.287612,0,0.02,0.07,inf,,-6.7e-05,2022-06-22 15:00:00+00:00
311,FTX,Perpetual,SUSHI,SUSHI-PERP,1.232,1.2337,1655917761.287619,0,0.02,0.07,inf,,-2.5e-05,2022-06-22 15:00:00+00:00
312,FTX,Delivery,SUSHI,SUSHI-0624,1.2272,1.2331,1655917761.287629,0,0.02,0.07,1.0,2022-06-24 03:00:00+00:00,,
313,FTX,Delivery,SUSHI,SUSHI-0930,1.2119,1.2375,1655917761.287638,0,0.02,0.07,99.0,2022-09-30 03:00:00+00:00,,
314,FTX,Perpetual,SXP,SXP-PERP,0.408,0.409,1655917761.287645,0,0.02,0.07,inf,,-1.9e-05,2022-06-22 15:00:00+00:00
315,FTX,Delivery,SXP,SXP-0624,0.404,0.4075,1655917761.287655,0,0.02,0.07,1.0,2022-06-24 03:00:00+00:00,,
316,FTX,Delivery,SXP,SXP-0930,0.404,0.408,1655917761.287664,0,0.02,0.07,99.0,2022-09-30 03:00:00+00:00,,
317,FTX,Perpetual,THETA,THETA-PERP,1.23945,1.24065,1655917761.287671,0,0.02,0.07,inf,,-2.8e-05,2022-06-22 15:00:00+00:00
318,FTX,Delivery,THETA,THETA-0624,1.236,1.2532,1655917761.287681,0,0.02,0.07,1.0,2022-06-24 03:00:00+00:00,,
319,FTX,Perpetual,TLM,TLM-PERP,0.02355,0.0236,1655917761.287688,0,0.02,0.07,inf,,-6.9e-05,2022-06-22 15:00:00+00:00
320,FTX,Delivery,TLRY,TLRY-0624,3.222,3.246,1655917761.287698,0,0.02,0.07,2.0,2022-06-24 20:00:00+00:00,,
321,FTX,Delivery,TLRY,TLRY-0930,3.148,3.248,1655917761.287707,0,0.02,0.07,100.0,2022-09-30 20:00:00+00:00,,
322,FTX,Perpetual,TOMO,TOMO-PERP,0.4651,0.4656,1655917761.287715,0,0.02,0.07,inf,,1.7e-05,2022-06-22 15:00:00+00:00
323,FTX,Perpetual,TONCOIN,TONCOIN-PERP,1.0655,1.0675,1655917761.287722,0,0.02,0.07,inf,,-5e-05,2022-06-22 15:00:00+00:00
324,FTX,Perpetual,TRU,TRU-PERP,0.0554,0.0555,1655917761.287729,0,0.02,0.07,inf,,6.2e-05,2022-06-22 15:00:00+00:00
325,FTX,Perpetual,TRX,TRX-PERP,0.06341,0.06343,1655917761.287737,0,0.02,0.07,inf,,-3.7e-05,2022-06-22 15:00:00+00:00
326,FTX,Delivery,TRX,TRX-0624,0.0629925,0.0630875,1655917761.287746,0,0.02,0.07,1.0,2022-06-24 03:00:00+00:00,,
327,FTX,Delivery,TRX,TRX-0930,0.061075,0.0613625,1655917761.287755,0,0.02,0.07,99.0,2022-09-30 03:00:00+00:00,,
328,FTX,Perpetual,TRYB,TRYB-PERP,0.05709,0.05713,1655917761.287762,0,0.02,0.07,inf,,-4.7e-05,2022-06-22 15:00:00+00:00
329,FTX,Delivery,TSLA,TSLA-0624,717.15,720.95,1655917761.287772,0,0.02,0.07,2.0,2022-06-24 20:00:00+00:00,,
330,FTX,Delivery,TSLA,TSLA-0930,716.65,719.8,1655917761.287781,0,0.02,0.07,100.0,2022-09-30 20:00:00+00:00,,
331,FTX,Delivery,TSM,TSM-0624,84.9,85.4,1655917761.28779,0,0.02,0.07,2.0,2022-06-24 20:00:00+00:00,,
332,FTX,Delivery,TSM,TSM-0930,84.6,85.1,1655917761.287799,0,0.02,0.07,100.0,2022-09-30 20:00:00+00:00,,
333,FTX,Delivery,TWTR,TWTR-0624,39.025,39.22,1655917761.287808,0,0.02,0.07,2.0,2022-06-24 20:00:00+00:00,,
334,FTX,Delivery,TWTR,TWTR-0930,39.03,39.235,1655917761.287817,0,0.02,0.07,100.0,2022-09-30 20:00:00+00:00,,
335,FTX,Delivery,UBER,UBER-0624,21.75,21.86,1655917761.287826,0,0.02,0.07,2.0,2022-06-24 20:00:00+00:00,,
336,FTX,Delivery,UBER,UBER-0930,21.76,21.925,1655917761.287836,0,0.02,0.07,100.0,2022-09-30 20:00:00+00:00,,
337,FTX,Perpetual,UNI,UNI-PERP,5.122,5.127,1655917761.287843,0,0.02,0.07,inf,,-3e-06,2022-06-22 15:00:00+00:00
338,FTX,Delivery,UNI,UNI-0624,5.102,5.118,1655917761.287852,0,0.02,0.07,1.0,2022-06-24 03:00:00+00:00,,
339,FTX,Delivery,UNI,UNI-0930,5.133,5.172,1655917761.287861,0,0.02,0.07,99.0,2022-09-30 03:00:00+00:00,,
340,FTX,Perpetual,UNISWAP,UNISWAP-PERP,13750.0,13800.0,1655917761.287869,0,0.02,0.07,inf,,7.5e-05,2022-06-22 15:00:00+00:00
341,FTX,Delivery,UNISWAP,UNISWAP-0624,13750.0,13925.0,1655917761.287878,0,0.02,0.07,1.0,2022-06-24 03:00:00+00:00,,
342,FTX,Delivery,UNISWAP,UNISWAP-0930,14475.0,14650.0,1655917761.287887,0,0.02,0.07,99.0,2022-09-30 03:00:00+00:00,,
343,FTX,Perpetual,USDT,USDT-PERP,0.9988,0.9989,1655917761.287895,0,0.02,0.07,inf,,-4e-06,2022-06-22 15:00:00+00:00
344,FTX,Delivery,USDT,USDT-0624,0.9988,0.9998,1655917761.287904,0,0.02,0.07,1.0,2022-06-24 03:00:00+00:00,,
345,FTX,Delivery,USDT,USDT-0930,0.99,0.9903,1655917761.287913,0,0.02,0.07,99.0,2022-09-30 03:00:00+00:00,,
346,FTX,Delivery,USO,USO-0624,81.11,81.535,1655917761.287922,0,0.02,0.07,2.0,2022-06-24 20:00:00+00:00,,
347,FTX,Delivery,USO,USO-0930,81.165,81.46,1655917761.287931,0,0.02,0.07,100.0,2022-09-30 20:00:00+00:00,,
348,FTX,Perpetual,VET,VET-PERP,0.023155,0.02317,1655917761.287939,0,0.02,0.07,inf,,-4.3e-05,2022-06-22 15:00:00+00:00
349,FTX,Perpetual,WAVES,WAVES-PERP,6.282,6.2855,1655917761.287947,0,0.02,0.07,inf,,-5.8e-05,2022-06-22 15:00:00+00:00
350,FTX,Delivery,WAVES,WAVES-0624,6.2415,6.289,1655917761.287956,0,0.02,0.07,1.0,2022-06-24 03:00:00+00:00,,
351,FTX,Delivery,WAVES,WAVES-0930,5.2545,5.314,1655917761.287966,0,0.02,0.07,99.0,2022-09-30 03:00:00+00:00,,
352,FTX,Delivery,WSB,WSB-0624,555.15,559.65,1655917761.287975,0,0.02,0.07,2.0,2022-06-24 20:00:00+00:00,,
353,FTX,Delivery,WSB,WSB-0930,555.7,559.75,1655917761.287985,0,0.02,0.07,100.0,2022-09-30 20:00:00+00:00,,
354,FTX,Perpetual,XAUT,XAUT-PERP,1835.1,1836.9,1655917761.287993,0,0.02,0.07,inf,,-1.6e-05,2022-06-22 15:00:00+00:00
355,FTX,Delivery,XAUT,XAUT-0624,1842.0,1846.5,1655917761.288006,0,0.02,0.07,1.0,2022-06-24 03:00:00+00:00,,
356,FTX,Perpetual,XEM,XEM-PERP,0.04035,0.0404,1655917761.288014,0,0.02,0.07,inf,,-8e-06,2022-06-22 15:00:00+00:00
357,FTX,Perpetual,XLM,XLM-PERP,0.11255,0.11265,1655917761.288021,0,0.02,0.07,inf,,-2e-06,2022-06-22 15:00:00+00:00
358,FTX,Perpetual,XMR,XMR-PERP,114.42,114.45,1655917761.288028,0,0.02,0.07,inf,,2e-06,2022-06-22 15:00:00+00:00
359,FTX,Perpetual,XRP,XRP-PERP,0.321375,0.321425,1655917761.288036,0,0.02,0.07,inf,,3e-06,2022-06-22 15:00:00+00:00
360,FTX,Delivery,XRP,XRP-0624,0.321025,0.321525,1655917761.288045,0,0.02,0.07,1.0,2022-06-24 03:00:00+00:00,,
361,FTX,Delivery,XRP,XRP-0930,0.319225,0.32,1655917761.288054,0,0.02,0.07,99.0,2022-09-30 03:00:00+00:00,,
362,FTX,Perpetual,XTZ,XTZ-PERP,1.37,1.3715,1655917761.288062,0,0.02,0.07,inf,,-1.9e-05,2022-06-22 15:00:00+00:00
363,FTX,Delivery,XTZ,XTZ-0624,1.3691,1.3784,1655917761.288071,0,0.02,0.07,1.0,2022-06-24 03:00:00+00:00,,
364,FTX,Delivery,XTZ,XTZ-0930,1.3548,1.3658,1655917761.28808,0,0.02,0.07,99.0,2022-09-30 03:00:00+00:00,,
365,FTX,Perpetual,YFI,YFI-PERP,5155.0,5165.0,1655917761.288088,0,0.02,0.07,inf,,1.3e-05,2022-06-22 15:00:00+00:00
366,FTX,Delivery,YFI,YFI-0624,5110.0,5170.0,1655917761.288098,0,0.02,0.07,1.0,2022-06-24 03:00:00+00:00,,
367,FTX,Delivery,YFI,YFI-0930,4835.0,5250.0,1655917761.288107,0,0.02,0.07,99.0,2022-09-30 03:00:00+00:00,,
368,FTX,Perpetual,YFII,YFII-PERP,635.0,637.75,1655917761.288114,0,0.02,0.07,inf,,-4.7e-05,2022-06-22 15:00:00+00:00
369,FTX,Perpetual,ZEC,ZEC-PERP,64.79,64.83,1655917761.288121,0,0.02,0.07,inf,,-2.1e-05,2022-06-22 16:00:00+00:00
370,FTX,Perpetual,ZIL,ZIL-PERP,0.03979,0.03982,1655917761.288129,0,0.02,0.07,inf,,-1.1e-05,2022-06-22 15:00:00+00:00
371,FTX,Delivery,ZM,ZM-0624,115.9,116.4,1655917761.288142,0,0.02,0.07,2.0,2022-06-24 20:00:00+00:00,,
372,FTX,Delivery,ZM,ZM-0930,115.95,116.85,1655917761.288171,0,0.02,0.07,100.0,2022-09-30 20:00:00+00:00,,
373,FTX,Perpetual,ZRX,ZRX-PERP,0.2775,0.27775,1655917761.288179,0,0.02,0.07,inf,,-3e-05,2022-06-22 15:00:00+00:00
374,FTX,Perpetual,1INCH,1INCH-PERP,0.6747,0.6749,1655917761.567656,0,0.02,0.07,inf,,-1.2e-05,2022-06-22 16:00:00+00:00
375,FTX,Delivery,1INCH,1INCH-0624,0.6734,0.6774,1655917761.567696,0,0.02,0.07,1.0,2022-06-24 03:00:00+00:00,,
376,FTX,Delivery,1INCH,1INCH-0930,0.6312,0.6367,1655917761.567707,0,0.02,0.07,99.0,2022-09-30 03:00:00+00:00,,
377,FTX,Delivery,AAPL,AAPL-0624,135.98,136.09,1655917761.567717,0,0.02,0.07,2.0,2022-06-24 20:00:00+00:00,,
378,FTX,Delivery,AAPL,AAPL-0930,135.8,135.91,1655917761.567726,0,0.02,0.07,100.0,2022-09-30 20:00:00+00:00,,
379,FTX,Perpetual,AAVE,AAVE-PERP,64.28,64.32,1655917761.567734,0,0.02,0.07,inf,,-1.3e-05,2022-06-22 15:00:00+00:00
380,FTX,Delivery,AAVE,AAVE-0624,63.92,64.62,1655917761.567744,0,0.02,0.07,1.0,2022-06-24 03:00:00+00:00,,
381,FTX,Delivery,AAVE,AAVE-0930,63.31,65.66,1655917761.567754,0,0.02,0.07,99.0,2022-09-30 03:00:00+00:00,,
382,FTX,Delivery,ABNB,ABNB-0624,100.775,100.94,1655917761.567774,0,0.02,0.07,2.0,2022-06-24 20:00:00+00:00,,
383,FTX,Delivery,ABNB,ABNB-0930,100.795,100.91,1655917761.567783,0,0.02,0.07,100.0,2022-09-30 20:00:00+00:00,,
384,FTX,Delivery,ACB,ACB-0624,1.326,1.33,1655917761.567792,0,0.02,0.07,2.0,2022-06-24 20:00:00+00:00,,
385,FTX,Delivery,ACB,ACB-0930,1.327,1.36,1655917761.567801,0,0.02,0.07,100.0,2022-09-30 20:00:00+00:00,,
386,FTX,Perpetual,ADA,ADA-PERP,0.470455,0.47068,1655917761.567809,0,0.02,0.07,inf,,-1.9e-05,2022-06-22 15:00:00+00:00
387,FTX,Delivery,ADA,ADA-0624,0.4687,0.469035,1655917761.567818,0,0.02,0.07,1.0,2022-06-24 03:00:00+00:00,,
388,FTX,Delivery,ADA,ADA-0930,0.461875,0.464155,1655917761.567827,0,0.02,0.07,99.0,2022-09-30 03:00:00+00:00,,
389,FTX,Perpetual,AGLD,AGLD-PERP,0.2965,0.297,1655917761.567835,0,0.02,0.07,inf,,0.0,2022-06-22 15:00:00+00:00
390,FTX,Perpetual,ALCX,ALCX-PERP,19.2,19.3,1655917761.567843,0,0.02,0.07,inf,,-0.000222,2022-06-22 16:00:00+00:00
391,FTX,Perpetual,ALGO,ALGO-PERP,0.321,0.3212,1655917761.56785,0,0.02,0.07,inf,,-4.5e-05,2022-06-22 15:00:00+00:00
392,FTX,Delivery,ALGO,ALGO-0624,0.3207,0.3221,1655917761.567859,0,0.02,0.07,1.0,2022-06-24 03:00:00+00:00,,
393,FTX,Delivery,ALGO,ALGO-0930,0.3196,0.3271,1655917761.567868,0,0.02,0.07,99.0,2022-09-30 03:00:00+00:00,,
394,FTX,Perpetual,ALICE,ALICE-PERP,2.275,2.2775,1655917761.567876,0,0.02,0.07,inf,,-2.2e-05,2022-06-22 15:00:00+00:00
395,FTX,Perpetual,ALPHA,ALPHA-PERP,0.11245,0.11255,1655917761.567883,0,0.02,0.07,inf,,9e-06,2022-06-22 15:00:00+00:00
396,FTX,Perpetual,ALT,ALT-PERP,1596.7,1597.95,1655917761.567895,0,0.02,0.07,inf,,-3e-06,2022-06-22 15:00:00+00:00
397,FTX,Delivery,ALT,ALT-0624,1595.0,1601.0,1655917761.567904,0,0.02,0.07,1.0,2022-06-24 03:00:00+00:00,,
398,FTX,Delivery,ALT,ALT-0930,1583.9,1589.15,1655917761.567914,0,0.02,0.07,99.0,2022-09-30 03:00:00+00:00,,
399,FTX,Delivery,AMC,AMC-0624,12.835,13.3775,1655917761.567923,0,0.02,0.07,2.0,2022-06-24 20:00:00+00:00,,
400,FTX,Delivery,AMC,AMC-0930,12.8475,12.915,1655917761.567932,0,0.02,0.07,100.0,2022-09-30 20:00:00+00:00,,
401,FTX,Delivery,AMD,AMD-0624,84.24,84.33,1655917761.56794,0,0.02,0.07,2.0,2022-06-24 20:00:00+00:00,,
402,FTX,Delivery,AMD,AMD-0930,84.24,84.36,1655917761.56795,0,0.02,0.07,100.0,2022-09-30 20:00:00+00:00,,
403,FTX,Perpetual,AMPL,AMPL-PERP,0.8191,0.821,1655917761.567957,0,0.02,0.07,inf,,0.000476,2022-06-22 15:00:00+00:00
404,FTX,Delivery,AMZN,AMZN-0624,109.2,110.7,1655917761.567972,0,0.02,0.07,2.0,2022-06-24 20:00:00+00:00,,
405,FTX,Delivery,AMZN,AMZN-0930,109.6,110.5,1655917761.567982,0,0.02,0.07,100.0,2022-09-30 20:00:00+00:00,,
406,FTX,Perpetual,ANC,ANC-PERP,0.12825,0.1285,1655917761.568024,0,0.02,0.07,inf,,4e-05,2022-06-22 15:00:00+00:00
407,FTX,Perpetual,APE,APE-PERP,4.2185,4.222,1655917761.568033,0,0.02,0.07,inf,,-1.8e-05,2022-06-22 15:00:00+00:00
408,FTX,Delivery,APE,APE-0930,4.183,4.219,1655917761.568044,0,0.02,0.07,99.0,2022-09-30 03:00:00+00:00,,
409,FTX,Perpetual,AR,AR-PERP,9.216,9.227,1655917761.568051,0,0.02,0.07,inf,,1e-05,2022-06-22 15:00:00+00:00
410,FTX,Delivery,ARKK,ARKK-0624,41.64,41.71,1655917761.568084,0,0.02,0.07,2.0,2022-06-24 20:00:00+00:00,,
411,FTX,Delivery,ARKK,ARKK-0930,41.63,41.79,1655917761.568094,0,0.02,0.07,100.0,2022-09-30 20:00:00+00:00,,
412,FTX,Perpetual,ASD,ASD-PERP,0.11096,0.11143,1655917761.568101,0,0.02,0.07,inf,,-2.3e-05,2022-06-22 16:00:00+00:00
413,FTX,Perpetual,ATLAS,ATLAS-PERP,0.00608275,0.00609275,1655917761.568109,0,0.02,0.07,inf,,-4e-06,2022-06-22 15:00:00+00:00
414,FTX,Perpetual,ATOM,ATOM-PERP,6.9015,6.904,1655917761.568138,0,0.02,0.07,inf,,4e-06,2022-06-22 15:00:00+00:00
415,FTX,Delivery,ATOM,ATOM-0624,6.869,6.912,1655917761.56815,0,0.02,0.07,1.0,2022-06-24 03:00:00+00:00,,
416,FTX,Delivery,ATOM,ATOM-0930,6.8165,6.9515,1655917761.568159,0,0.02,0.07,99.0,2022-09-30 03:00:00+00:00,,
417,FTX,Perpetual,AUDIO,AUDIO-PERP,0.3675,0.368,1655917761.568188,0,0.02,0.07,inf,,-7.9e-05,2022-06-22 15:00:00+00:00
418,FTX,Perpetual,AVAX,AVAX-PERP,16.602,16.605,1655917761.568196,0,0.02,0.07,inf,,-4e-06,2022-06-22 15:00:00+00:00
419,FTX,Delivery,AVAX,AVAX-0624,16.563,16.62,1655917761.568206,0,0.02,0.07,1.0,2022-06-24 03:00:00+00:00,,
420,FTX,Delivery,AVAX,AVAX-0930,16.327,16.436,1655917761.568214,0,0.02,0.07,99.0,2022-09-30 03:00:00+00:00,,
421,FTX,Perpetual,AXS,AXS-PERP,14.177,14.186,1655917761.568246,0,0.02,0.07,inf,,-3.6e-05,2022-06-22 15:00:00+00:00
422,FTX,Delivery,AXS,AXS-0930,12.483,12.992,1655917761.568257,0,0.02,0.07,99.0,2022-09-30 03:00:00+00:00,,
423,FTX,Delivery,BABA,BABA-0624,106.1,106.25,1655917761.568266,0,0.02,0.07,2.0,2022-06-24 20:00:00+00:00,,
424,FTX,Delivery,BABA,BABA-0930,106.15,106.3,1655917761.568298,0,0.02,0.07,100.0,2022-09-30 20:00:00+00:00,,
425,FTX,Perpetual,BADGER,BADGER-PERP,3.165,3.175,1655917761.568307,0,0.02,0.07,inf,,-0.000152,2022-06-22 15:00:00+00:00
426,FTX,Perpetual,BAL,BAL-PERP,4.51,4.5125,1655917761.568382,0,0.02,0.07,inf,,-0.000102,2022-06-22 16:00:00+00:00
427,FTX,Delivery,BAL,BAL-0624,4.365,4.5425,1655917761.568399,0,0.02,0.07,1.0,2022-06-24 03:00:00+00:00,,
428,FTX,Delivery,BAL,BAL-0930,3.795,4.4425,1655917761.568409,0,0.02,0.07,99.0,2022-09-30 03:00:00+00:00,,
429,FTX,Perpetual,BAND,BAND-PERP,1.405,1.407,1655917761.568418,0,0.02,0.07,inf,,-3.4e-05,2022-06-22 15:00:00+00:00
430,FTX,Perpetual,BAT,BAT-PERP,0.385925,0.386125,1655917761.568426,0,0.02,0.07,inf,,-2.2e-05,2022-06-22 16:00:00+00:00
431,FTX,Delivery,BB,BB-0624,5.355,5.37,1655917761.568436,0,0.02,0.07,2.0,2022-06-24 20:00:00+00:00,,
432,FTX,Delivery,BB,BB-0930,5.355,5.3725,1655917761.568446,0,0.02,0.07,100.0,2022-09-30 20:00:00+00:00,,
433,FTX,Perpetual,BCH,BCH-PERP,114.7,114.75,1655917761.568454,0,0.02,0.07,inf,,-2e-05,2022-06-22 16:00:00+00:00
434,FTX,Delivery,BCH,BCH-0624,114.45,114.95,1655917761.568464,0,0.02,0.07,1.0,2022-06-24 03:00:00+00:00,,
435,FTX,Delivery,BCH,BCH-0930,113.2,114.3,1655917761.568474,0,0.02,0.07,99.0,2022-09-30 03:00:00+00:00,,
436,FTX,Delivery,BILI,BILI-0624,26.525,26.63,1655917761.568484,0,0.02,0.07,2.0,2022-06-24 20:00:00+00:00,,
437,FTX,Delivery,BILI,BILI-0930,26.65,26.74,1655917761.568493,0,0.02,0.07,100.0,2022-09-30 20:00:00+00:00,,
438,FTX,Perpetual,BIT,BIT-PERP,0.419,0.41925,1655917761.568501,0,0.02,0.07,inf,,5.3e-05,2022-06-22 15:00:00+00:00
439,FTX,Delivery,BITO,BITO-0624,12.505,12.61,1655917761.568512,0,0.02,0.07,2.0,2022-06-24 20:00:00+00:00,,
440,FTX,Delivery,BITO,BITO-0930,12.445,12.63,1655917761.568522,0,0.02,0.07,100.0,2022-09-30 20:00:00+00:00,,
441,FTX,Delivery,BITW,BITW-0624,12.535,12.63,1655917761.568531,0,0.02,0.07,2.0,2022-06-24 20:00:00+00:00,,
442,FTX,Delivery,BITW,BITW-0930,12.21,12.32,1655917761.56854,0,0.02,0.07,100.0,2022-09-30 20:00:00+00:00,,
443,FTX,Perpetual,BNB,BNB-PERP,216.0875,216.1575,1655917761.568553,0,0.02,0.07,inf,,-1.3e-05,2022-06-22 15:00:00+00:00
444,FTX,Delivery,BNB,BNB-0624,215.9575,216.2375,1655917761.568564,0,0.02,0.07,1.0,2022-06-24 03:00:00+00:00,,
445,FTX,Delivery,BNB,BNB-0930,213.4,213.92,1655917761.568573,0,0.02,0.07,99.0,2022-09-30 03:00:00+00:00,,
446,FTX,Perpetual,BNT,BNT-PERP,0.4925,0.493,1655917761.568581,0,0.02,0.07,inf,,-0.00025,2022-06-22 15:00:00+00:00
447,FTX,Delivery,BNTX,BNTX-0624,126.27,126.6,1655917761.568591,0,0.02,0.07,2.0,2022-06-24 20:00:00+00:00,,
448,FTX,Delivery,BNTX,BNTX-0930,126.28,126.54,1655917761.5686,0,0.02,0.07,100.0,2022-09-30 20:00:00+00:00,,
449,FTX,Perpetual,BOBA,BOBA-PERP,0.35,0.351,1655917761.568608,0,0.02,0.07,inf,,4.7e-05,2022-06-22 15:00:00+00:00
450,FTX,Delivery,BOLSONARO2022,BOLSONARO2022,0.291,0.3,1655917761.568619,0,0.02,0.07,104.0,2022-10-05 00:00:00+00:00,,
451,FTX,Perpetual,BRZ,BRZ-PERP,0.19229,0.19297,1655917761.568629,0,0.02,0.07,inf,,-0.000125,2022-06-22 15:00:00+00:00
452,FTX,Perpetual,BSV,BSV-PERP,62.97,63.02,1655917761.568636,0,0.02,0.07,inf,,-3.7e-05,2022-06-22 15:00:00+00:00
453,FTX,Delivery,BSV,BSV-0624,62.75,62.84,1655917761.568646,0,0.02,0.07,1.0,2022-06-24 03:00:00+00:00,,
454,FTX,Delivery,BSV,BSV-0930,59.61,59.89,1655917761.568656,0,0.02,0.07,99.0,2022-09-30 03:00:00+00:00,,
455,FTX,Perpetual,BTC,BTC-PERP,20220.0,20222.0,1655917761.568664,0,0.02,0.07,inf,,5e-06,2022-06-22 15:00:00+00:00
456,FTX,Delivery,BTC,BTC-MOVE-0622,538.0,570.0,1655917761.568673,0,0.02,0.07,0.0,2022-06-23 00:00:00+00:00,,
457,FTX,Delivery,BTC,BTC-MOVE-0623,678.0,685.0,1655917761.568683,0,0.02,0.07,1.0,2022-06-24 00:00:00+00:00,,
458,FTX,Delivery,BTC,BTC-0624,20205.0,20214.0,1655917761.568693,0,0.02,0.07,1.0,2022-06-24 03:00:00+00:00,,
459,FTX,Delivery,BTC,BTC-MOVE-2022Q2,23870.0,23966.0,1655917761.568703,0,0.02,0.07,1.0,2022-06-24 03:00:00+00:00,,
460,FTX,Delivery,BTC,BTC-MOVE-WK-0624,1066.0,1235.0,1655917761.568712,0,0.02,0.07,2.0,2022-06-25 00:00:00+00:00,,
461,FTX,Delivery,BTC,BTC-MOVE-WK-0701,1999.0,2040.0,1655917761.568721,0,0.02,0.07,9.0,2022-07-02 00:00:00+00:00,,
462,FTX,Delivery,BTC,BTC-MOVE-WK-0708,1672.0,1872.0,1655917761.568731,0,0.02,0.07,16.0,2022-07-09 00:00:00+00:00,,
463,FTX,Delivery,BTC,BTC-MOVE-WK-0715,1711.0,1800.0,1655917761.56874,0,0.02,0.07,23.0,2022-07-16 00:00:00+00:00,,
464,FTX,Delivery,BTC,BTC-0930,20249.0,20263.0,1655917761.56875,0,0.02,0.07,99.0,2022-09-30 03:00:00+00:00,,
465,FTX,Delivery,BTC,BTC-MOVE-2022Q3,6300.0,6868.0,1655917761.568759,0,0.02,0.07,99.0,2022-09-30 03:00:00+00:00,,
466,FTX,Delivery,BTC,BTC-1230,20363.0,20411.0,1655917761.568769,0,0.02,0.07,190.0,2022-12-30 03:00:00+00:00,,
467,FTX,Delivery,BTC,BTC-MOVE-2022Q4,5801.0,6397.0,1655917761.568784,0,0.02,0.07,190.0,2022-12-30 03:00:00+00:00,,
468,FTX,Perpetual,BTT,BTT-PERP,7.8e-07,7.9e-07,1655917761.568792,0,0.02,0.07,inf,,-8.7e-05,2022-06-22 15:00:00+00:00
469,FTX,Delivery,BYND,BYND-0624,25.61,25.84,1655917761.568802,0,0.02,0.07,2.0,2022-06-24 20:00:00+00:00,,
470,FTX,Delivery,BYND,BYND-0930,25.82,25.95,1655917761.568812,0,0.02,0.07,100.0,2022-09-30 20:00:00+00:00,,
471,FTX,Perpetual,C98,C98-PERP,0.5251,0.5258,1655917761.568819,0,0.02,0.07,inf,,-7.1e-05,2022-06-22 15:00:00+00:00
472,FTX,Perpetual,CAKE,CAKE-PERP,3.0525,3.055,1655917761.568827,0,0.02,0.07,inf,,-3e-05,2022-06-22 15:00:00+00:00
473,FTX,Perpetual,CEL,CEL-PERP,0.948,0.9485,1655917761.568835,0,0.02,0.07,inf,,-0.000531,2022-06-22 15:00:00+00:00
474,FTX,Delivery,CEL,CEL-0624,0.9,0.9495,1655917761.568845,0,0.02,0.07,1.0,2022-06-24 03:00:00+00:00,,
475,FTX,Delivery,CEL,CEL-0930,0.56,0.5605,1655917761.568854,0,0.02,0.07,99.0,2022-09-30 03:00:00+00:00,,
476,FTX,Perpetual,CELO,CELO-PERP,0.879,0.8795,1655917761.568862,0,0.02,0.07,inf,,2.4e-05,2022-06-22 15:00:00+00:00
477,FTX,Delivery,CGC,CGC-0624,3.425,3.4575,1655917761.568872,0,0.02,0.07,2.0,2022-06-24 20:00:00+00:00,,
478,FTX,Delivery,CGC,CGC-0930,3.4275,3.4725,1655917761.568882,0,0.02,0.07,100.0,2022-09-30 20:00:00+00:00,,
479,FTX,Perpetual,CHR,CHR-PERP,0.19335,0.1937,1655917761.568889,0,0.02,0.07,inf,,9e-06,2022-06-22 15:00:00+00:00
480,FTX,Perpetual,CHZ,CHZ-PERP,0.093473,0.093563,1655917761.568897,0,0.02,0.07,inf,,-1.3e-05,2022-06-22 15:00:00+00:00
481,FTX,Delivery,CHZ,CHZ-0624,0.092905,0.093515,1655917761.568906,0,0.02,0.07,1.0,2022-06-24 03:00:00+00:00,,
482,FTX,Delivery,CHZ,CHZ-0930,0.093233,0.093851,1655917761.568916,0,0.02,0.07,99.0,2022-09-30 03:00:00+00:00,,
483,FTX,Perpetual,CLV,CLV-PERP,0.099,0.0995,1655917761.568924,0,0.02,0.07,inf,,-0.000126,2022-06-22 15:00:00+00:00
484,FTX,Perpetual,COMP,COMP-PERP,39.22,39.25,1655917761.568932,0,0.02,0.07,inf,,-8e-06,2022-06-22 15:00:00+00:00
485,FTX,Delivery,COMP,COMP-0624,38.99,39.13,1655917761.568942,0,0.02,0.07,1.0,2022-06-24 03:00:00+00:00,,
486,FTX,Delivery,COMP,COMP-0930,38.24,38.81,1655917761.56895,0,0.02,0.07,99.0,2022-09-30 03:00:00+00:00,,
487,FTX,Perpetual,CREAM,CREAM-PERP,16.5,16.55,1655917761.568958,0,0.02,0.07,inf,,0.0,2022-06-22 15:00:00+00:00
488,FTX,Perpetual,CRO,CRO-PERP,0.114675,0.114775,1655917761.568966,0,0.02,0.07,inf,,3e-06,2022-06-22 15:00:00+00:00
489,FTX,Delivery,CRON,CRON-0624,2.771,2.777,1655917761.568976,0,0.02,0.07,2.0,2022-06-24 20:00:00+00:00,,
490,FTX,Delivery,CRON,CRON-0930,2.769,2.78,1655917761.568985,0,0.02,0.07,100.0,2022-09-30 20:00:00+00:00,,
491,FTX,Perpetual,CRV,CRV-PERP,0.73925,0.7398,1655917761.568993,0,0.02,0.07,inf,,-5e-05,2022-06-22 15:00:00+00:00
492,FTX,Perpetual,CVC,CVC-PERP,0.1352,0.1354,1655917761.569001,0,0.02,0.07,inf,,-4e-06,2022-06-22 15:00:00+00:00
493,FTX,Perpetual,CVX,CVX-PERP,4.205,4.22,1655917761.569008,0,0.02,0.07,inf,,-0.000172,2022-06-22 15:00:00+00:00
494,FTX,Perpetual,DASH,DASH-PERP,46.05,46.1,1655917761.569016,0,0.02,0.07,inf,,-3e-06,2022-06-22 15:00:00+00:00
495,FTX,Perpetual,DAWN,DAWN-PERP,0.8155,0.8195,1655917761.569024,0,0.02,0.07,inf,,-2e-05,2022-06-22 15:00:00+00:00
496,FTX,Perpetual,DEFI,DEFI-PERP,2634.3,2636.6,1655917761.569032,0,0.02,0.07,inf,,-4.6e-05,2022-06-22 16:00:00+00:00
497,FTX,Delivery,DEFI,DEFI-0624,2639.5,2654.5,1655917761.569041,0,0.02,0.07,1.0,2022-06-24 03:00:00+00:00,,
498,FTX,Delivery,DEFI,DEFI-0930,2572.8,2597.9,1655917761.56905,0,0.02,0.07,99.0,2022-09-30 03:00:00+00:00,,
499,FTX,Perpetual,DENT,DENT-PERP,0.000897,0.000899,1655917761.569059,0,0.02,0.07,inf,,-2.2e-05,2022-06-22 16:00:00+00:00
500,FTX,Delivery,DKNG,DKNG-0624,12.905,12.96,1655917761.569068,0,0.02,0.07,2.0,2022-06-24 20:00:00+00:00,,
501,FTX,Delivery,DKNG,DKNG-0930,12.91,12.965,1655917761.569078,0,0.02,0.07,100.0,2022-09-30 20:00:00+00:00,,
502,FTX,Perpetual,DODO,DODO-PERP,0.121,0.1215,1655917761.569086,0,0.02,0.07,inf,,1.1e-05,2022-06-22 15:00:00+00:00
503,FTX,Perpetual,DOGE,DOGE-PERP,0.062563,0.062591,1655917761.569094,0,0.02,0.07,inf,,-2e-06,2022-06-22 15:00:00+00:00
504,FTX,Delivery,DOGE,DOGE-0624,0.062453,0.0625425,1655917761.569104,0,0.02,0.07,1.0,2022-06-24 03:00:00+00:00,,
505,FTX,Delivery,DOGE,DOGE-0930,0.062147,0.0629905,1655917761.569113,0,0.02,0.07,99.0,2022-09-30 03:00:00+00:00,,
506,FTX,Perpetual,DOT,DOT-PERP,7.566,7.569,1655917761.569121,0,0.02,0.07,inf,,-2.3e-05,2022-06-22 15:00:00+00:00
507,FTX,Delivery,DOT,DOT-0624,7.512,7.532,1655917761.569131,0,0.02,0.07,1.0,2022-06-24 03:00:00+00:00,,
508,FTX,Delivery,DOT,DOT-0930,7.284,7.364,1655917761.56914,0,0.02,0.07,99.0,2022-09-30 03:00:00+00:00,,
509,FTX,Perpetual,DRGN,DRGN-PERP,1431.8,1436.0,1655917761.569148,0,0.02,0.07,inf,,1.5e-05,2022-06-22 16:00:00+00:00
510,FTX,Delivery,DRGN,DRGN-0624,1436.4,1437.7,1655917761.569158,0,0.02,0.07,1.0,2022-06-24 03:00:00+00:00,,
511,FTX,Delivery,DRGN,DRGN-0930,,,1655917761.569167,0,0.02,0.07,99.0,2022-09-30 03:00:00+00:00,,
512,FTX,Perpetual,DYDX,DYDX-PERP,1.481,1.484,1655917761.569175,0,0.02,0.07,inf,,-6.8e-05,2022-06-22 15:00:00+00:00
513,FTX,Perpetual,EDEN,EDEN-PERP,0.07,0.0705,1655917761.569182,0,0.02,0.07,inf,,0.000194,2022-06-22 15:00:00+00:00
514,FTX,Delivery,EDEN,EDEN-0624,0.069,0.071,1655917761.569192,0,0.02,0.07,1.0,2022-06-24 03:00:00+00:00,,
515,FTX,Perpetual,EGLD,EGLD-PERP,59.9,59.96,1655917761.569199,0,0.02,0.07,inf,,7e-06,2022-06-22 15:00:00+00:00
516,FTX,Perpetual,ENJ,ENJ-PERP,0.46605,0.46655,1655917761.569206,0,0.02,0.07,inf,,1e-06,2022-06-22 15:00:00+00:00
517,FTX,Perpetual,ENS,ENS-PERP,8.855,8.865,1655917761.569214,0,0.02,0.07,inf,,-7e-06,2022-06-22 15:00:00+00:00
518,FTX,Perpetual,EOS,EOS-PERP,0.936,0.9365,1655917761.569221,0,0.02,0.07,inf,,-2.2e-05,2022-06-22 15:00:00+00:00
519,FTX,Delivery,EOS,EOS-0624,0.934,0.93525,1655917761.56923,0,0.02,0.07,1.0,2022-06-24 03:00:00+00:00,,
520,FTX,Delivery,EOS,EOS-0930,0.9265,0.928,1655917761.569239,0,0.02,0.07,99.0,2022-09-30 03:00:00+00:00,,
521,FTX,Perpetual,ETC,ETC-PERP,15.3975,15.408,1655917761.569247,0,0.02,0.07,inf,,0.0,2022-06-22 15:00:00+00:00
522,FTX,Perpetual,ETH,ETH-PERP,1074.2,1074.3,1655917761.569254,0,0.02,0.07,inf,,-3e-06,2022-06-22 15:00:00+00:00
523,FTX,Delivery,ETH,ETH-0624,1073.2,1073.8,1655917761.569264,0,0.02,0.07,1.0,2022-06-24 03:00:00+00:00,,
524,FTX,Delivery,ETH,ETH-0930,1064.3,1064.5,1655917761.569273,0,0.02,0.07,99.0,2022-09-30 03:00:00+00:00,,
525,FTX,Delivery,ETH,ETH-1230,1070.0,1077.1,1655917761.569282,0,0.02,0.07,190.0,2022-12-30 03:00:00+00:00,,
526,FTX,Delivery,ETHE,ETHE-0624,7.15,7.3,1655917761.569292,0,0.02,0.07,2.0,2022-06-24 20:00:00+00:00,,
527,FTX,Delivery,ETHE,ETHE-0930,7.249,7.421,1655917761.569301,0,0.02,0.07,100.0,2022-09-30 20:00:00+00:00,,
528,FTX,Perpetual,EXCH,EXCH-PERP,6042.3,6049.6,1655917761.569327,0,0.02,0.07,inf,,-1e-06,2022-06-22 16:00:00+00:00
529,FTX,Delivery,EXCH,EXCH-0624,6029.0,6049.7,1655917761.569337,0,0.02,0.07,1.0,2022-06-24 03:00:00+00:00,,
530,FTX,Delivery,EXCH,EXCH-0930,5921.4,5940.2,1655917761.569347,0,0.02,0.07,99.0,2022-09-30 03:00:00+00:00,,
531,FTX,Delivery,FB,FB-0624,158.92,159.05,1655917761.569396,0,0.02,0.07,2.0,2022-06-24 20:00:00+00:00,,
532,FTX,Delivery,FB,FB-0930,158.99,159.11,1655917761.569409,0,0.02,0.07,100.0,2022-09-30 20:00:00+00:00,,
533,FTX,Perpetual,FIDA,FIDA-PERP,0.3433,0.3446,1655917761.569444,0,0.02,0.07,inf,,-0.000157,2022-06-22 16:00:00+00:00
534,FTX,Perpetual,FIL,FIL-PERP,5.715,5.72,1655917761.569452,0,0.02,0.07,inf,,9e-06,2022-06-22 15:00:00+00:00
535,FTX,Delivery,FIL,FIL-0624,5.44,6.01,1655917761.569462,0,0.02,0.07,1.0,2022-06-24 03:00:00+00:00,,
536,FTX,Delivery,FIL,FIL-0930,5.72,5.81,1655917761.569471,0,0.02,0.07,99.0,2022-09-30 03:00:00+00:00,,
537,FTX,Perpetual,FLM,FLM-PERP,0.1105,0.111,1655917761.569484,0,0.02,0.07,inf,,-7.2e-05,2022-06-22 15:00:00+00:00
538,FTX,Perpetual,FLOW,FLOW-PERP,1.485,1.49,1655917761.569491,0,0.02,0.07,inf,,-7e-05,2022-06-22 15:00:00+00:00
539,FTX,Perpetual,FTM,FTM-PERP,0.26325,0.2633,1655917761.569499,0,0.02,0.07,inf,,-7e-06,2022-06-22 15:00:00+00:00
540,FTX,Delivery,FTM,FTM-0930,0.2551,0.26895,1655917761.569508,0,0.02,0.07,99.0,2022-09-30 03:00:00+00:00,,
541,FTX,Perpetual,FTT,FTT-PERP,25.5985,25.603,1655917761.569516,0,0.02,0.07,inf,,-6.3e-05,2022-06-22 15:00:00+00:00
542,FTX,Perpetual,FXS,FXS-PERP,5.2,5.21,1655917761.569523,0,0.02,0.07,inf,,-1.5e-05,2022-06-22 16:00:00+00:00
543,FTX,Perpetual,GAL,GAL-PERP,2.6775,2.68,1655917761.569531,0,0.02,0.07,inf,,-2.7e-05,2022-06-22 15:00:00+00:00
544,FTX,Perpetual,GALA,GALA-PERP,0.055025,0.055075,1655917761.569538,0,0.02,0.07,inf,,-1.3e-05,2022-06-22 15:00:00+00:00
545,FTX,Delivery,GBTC,GBTC-0624,13.16,13.34,1655917761.569553,0,0.02,0.07,2.0,2022-06-24 20:00:00+00:00,,
546,FTX,Delivery,GBTC,GBTC-0930,13.38,13.47,1655917761.569566,0,0.02,0.07,100.0,2022-09-30 20:00:00+00:00,,
547,FTX,Delivery,GDX,GDX-0624,30.205,30.265,1655917761.569576,0,0.02,0.07,2.0,2022-06-24 20:00:00+00:00,,
548,FTX,Delivery,GDX,GDX-0930,30.18,30.29,1655917761.569585,0,0.02,0.07,100.0,2022-09-30 20:00:00+00:00,,
549,FTX,Delivery,GDXJ,GDXJ-0624,36.215,36.31,1655917761.5696,0,0.02,0.07,2.0,2022-06-24 20:00:00+00:00,,
550,FTX,Delivery,GDXJ,GDXJ-0930,36.22,36.38,1655917761.569609,0,0.02,0.07,100.0,2022-09-30 20:00:00+00:00,,
551,FTX,Delivery,GLD,GLD-0624,171.275,171.45,1655917761.569618,0,0.02,0.07,2.0,2022-06-24 20:00:00+00:00,,
552,FTX,Delivery,GLD,GLD-0930,171.3,171.475,1655917761.569627,0,0.02,0.07,100.0,2022-09-30 20:00:00+00:00,,
553,FTX,Perpetual,GLMR,GLMR-PERP,0.61525,0.61575,1655917761.569635,0,0.02,0.07,inf,,7.7e-05,2022-06-22 15:00:00+00:00
554,FTX,Delivery,GME,GME-0624,140.0,141.01,1655917761.569686,0,0.02,0.07,2.0,2022-06-24 20:00:00+00:00,,
555,FTX,Delivery,GME,GME-0930,138.06,139.58,1655917761.569696,0,0.02,0.07,100.0,2022-09-30 20:00:00+00:00,,
556,FTX,Perpetual,GMT,GMT-PERP,0.76825,0.7684,1655917761.569704,0,0.02,0.07,inf,,-6.5e-05,2022-06-22 15:00:00+00:00
557,FTX,Delivery,GMT,GMT-0930,0.6979,0.70315,1655917761.569774,0,0.02,0.07,99.0,2022-09-30 03:00:00+00:00,,
558,FTX,Delivery,GOOGL,GOOGL-0624,2253.7,2255.1,1655917761.569807,0,0.02,0.07,2.0,2022-06-24 20:00:00+00:00,,
559,FTX,Delivery,GOOGL,GOOGL-0930,2254.4,2256.0,1655917761.569844,0,0.02,0.07,100.0,2022-09-30 20:00:00+00:00,,
560,FTX,Perpetual,GRT,GRT-PERP,0.1064,0.10645,1655917761.569853,0,0.02,0.07,inf,,-6e-06,2022-06-22 15:00:00+00:00
561,FTX,Delivery,GRT,GRT-0624,0.1062,0.1066,1655917761.569889,0,0.02,0.07,1.0,2022-06-24 03:00:00+00:00,,
562,FTX,Delivery,GRT,GRT-0930,0.1078,0.1083,1655917761.569899,0,0.02,0.07,99.0,2022-09-30 03:00:00+00:00,,
563,FTX,Perpetual,GST,GST-PERP,0.2025,0.203,1655917761.569907,0,0.02,0.07,inf,,-0.000339,2022-06-22 15:00:00+00:00
564,FTX,Delivery,GST,GST-0930,0.0815,0.083,1655917761.569917,0,0.02,0.07,99.0,2022-09-30 03:00:00+00:00,,
565,FTX,Perpetual,HBAR,HBAR-PERP,0.07275,0.0728,1655917761.569925,0,0.02,0.07,inf,,-1.2e-05,2022-06-22 16:00:00+00:00
566,FTX,Perpetual,HNT,HNT-PERP,10.1691,10.1797,1655917761.569953,0,0.02,0.07,inf,,-6e-06,2022-06-22 16:00:00+00:00
567,FTX,Perpetual,HOLY,HOLY-PERP,6.1629,6.1799,1655917761.569961,0,0.02,0.07,inf,,0.000133,2022-06-22 15:00:00+00:00
568,FTX,Perpetual,HOT,HOT-PERP,0.002143,0.002147,1655917761.569969,0,0.02,0.07,inf,,-5.5e-05,2022-06-22 16:00:00+00:00
569,FTX,Perpetual,HT,HT-PERP,5.1405,5.1505,1655917761.569977,0,0.02,0.07,inf,,-2.4e-05,2022-06-22 15:00:00+00:00
570,FTX,Perpetual,ICP,ICP-PERP,5.59,5.6,1655917761.569984,0,0.02,0.07,inf,,2e-06,2022-06-22 15:00:00+00:00
571,FTX,Perpetual,ICX,ICX-PERP,0.27725,0.27775,1655917761.570024,0,0.02,0.07,inf,,-2.1e-05,2022-06-22 16:00:00+00:00
572,FTX,Perpetual,IMX,IMX-PERP,0.78375,0.78425,1655917761.570032,0,0.02,0.07,inf,,9e-06,2022-06-22 16:00:00+00:00
573,FTX,Perpetual,IOST,IOST-PERP,0.014795,0.01482,1655917761.57004,0,0.02,0.07,inf,,-3e-05,2022-06-22 16:00:00+00:00
574,FTX,Perpetual,IOTA,IOTA-PERP,0.2824,0.2825,1655917761.570047,0,0.02,0.07,inf,,1.2e-05,2022-06-22 15:00:00+00:00
575,FTX,Perpetual,JASMY,JASMY-PERP,0.009515,0.009525,1655917761.570055,0,0.02,0.07,inf,,-7e-06,2022-06-22 15:00:00+00:00
576,FTX,Perpetual,KAVA,KAVA-PERP,1.656,1.659,1655917761.570063,0,0.02,0.07,inf,,-9e-06,2022-06-22 16:00:00+00:00
577,FTX,Perpetual,KBTT,KBTT-PERP,0.000771,0.0007735,1655917761.57007,0,0.02,0.07,inf,,-6e-06,2022-06-22 15:00:00+00:00
578,FTX,Perpetual,KNC,KNC-PERP,1.3295,1.3306,1655917761.570078,0,0.02,0.07,inf,,4.9e-05,2022-06-22 15:00:00+00:00
579,FTX,Perpetual,KSHIB,KSHIB-PERP,0.00999,0.01001,1655917761.570085,0,0.02,0.07,inf,,-5.7e-05,2022-06-22 15:00:00+00:00
580,FTX,Perpetual,KSM,KSM-PERP,52.79,52.84,1655917761.570092,0,0.02,0.07,inf,,-4.1e-05,2022-06-22 16:00:00+00:00
581,FTX,Perpetual,KSOS,KSOS-PERP,0.000372,0.000373,1655917761.5701,0,0.02,0.07,inf,,-2.8e-05,2022-06-22 15:00:00+00:00
582,FTX,Perpetual,LEO,LEO-PERP,5.81,5.8179,1655917761.570107,0,0.02,0.07,inf,,3.5e-05,2022-06-22 15:00:00+00:00
583,FTX,Perpetual,LINA,LINA-PERP,0.008415,0.00842,1655917761.570115,0,0.02,0.07,inf,,-3.5e-05,2022-06-22 16:00:00+00:00
584,FTX,Perpetual,LINK,LINK-PERP,6.727,6.7305,1655917761.570122,0,0.02,0.07,inf,,-4e-06,2022-06-22 15:00:00+00:00
585,FTX,Delivery,LINK,LINK-0624,6.7275,6.7385,1655917761.570132,0,0.02,0.07,1.0,2022-06-24 03:00:00+00:00,,
586,FTX,Delivery,LINK,LINK-0930,6.68,6.7535,1655917761.570141,0,0.02,0.07,99.0,2022-09-30 03:00:00+00:00,,
587,FTX,Perpetual,LOOKS,LOOKS-PERP,0.36125,0.36175,1655917761.570154,0,0.02,0.07,inf,,4e-06,2022-06-22 15:00:00+00:00
588,FTX,Perpetual,LRC,LRC-PERP,0.3872,0.3876,1655917761.570161,0,0.02,0.07,inf,,-1e-05,2022-06-22 15:00:00+00:00
589,FTX,Perpetual,LTC,LTC-PERP,51.82,51.83,1655917761.570169,0,0.02,0.07,inf,,-9e-06,2022-06-22 15:00:00+00:00
590,FTX,Delivery,LTC,LTC-0624,51.75,51.81,1655917761.570179,0,0.02,0.07,1.0,2022-06-24 03:00:00+00:00,,
591,FTX,Delivery,LTC,LTC-0930,51.58,51.77,1655917761.570188,0,0.02,0.07,99.0,2022-09-30 03:00:00+00:00,,
592,FTX,Perpetual,MANA,MANA-PERP,0.8365,0.8371,1655917761.570196,0,0.02,0.07,inf,,-6e-06,2022-06-22 15:00:00+00:00
593,FTX,Perpetual,MAPS,MAPS-PERP,0.2248,0.2249,1655917761.570204,0,0.02,0.07,inf,,-3.6e-05,2022-06-22 16:00:00+00:00
594,FTX,Perpetual,MATIC,MATIC-PERP,0.414945,0.4150825,1655917761.570211,0,0.02,0.07,inf,,-3e-06,2022-06-22 15:00:00+00:00
595,FTX,Perpetual,MEDIA,MEDIA-PERP,22.7,23.0,1655917761.570219,0,0.02,0.07,inf,,0.000118,2022-06-22 15:00:00+00:00
596,FTX,Perpetual,MID,MID-PERP,1263.8,1265.0,1655917761.570226,0,0.02,0.07,inf,,-1.2e-05,2022-06-22 15:00:00+00:00
597,FTX,Delivery,MID,MID-0624,1261.7,1265.6,1655917761.570236,0,0.02,0.07,1.0,2022-06-24 03:00:00+00:00,,
598,FTX,Delivery,MID,MID-0930,1256.3,1261.7,1655917761.570245,0,0.02,0.07,99.0,2022-09-30 03:00:00+00:00,,
599,FTX,Perpetual,MINA,MINA-PERP,0.61725,0.61825,1655917761.570253,0,0.02,0.07,inf,,-7.6e-05,2022-06-22 15:00:00+00:00
600,FTX,Perpetual,MKR,MKR-PERP,923.5,924.0,1655917761.570261,0,0.02,0.07,inf,,-1e-06,2022-06-22 15:00:00+00:00
601,FTX,Perpetual,MNGO,MNGO-PERP,0.0502,0.05035,1655917761.570269,0,0.02,0.07,inf,,3.1e-05,2022-06-22 16:00:00+00:00
602,FTX,Perpetual,MOB,MOB-PERP,1.067,1.073,1655917761.570276,0,0.02,0.07,inf,,-8e-06,2022-06-22 15:00:00+00:00
603,FTX,Delivery,MRNA,MRNA-0624,138.09,138.35,1655917761.570286,0,0.02,0.07,2.0,2022-06-24 20:00:00+00:00,,
604,FTX,Delivery,MRNA,MRNA-0930,138.07,138.9,1655917761.570295,0,0.02,0.07,100.0,2022-09-30 20:00:00+00:00,,
605,FTX,Delivery,MSTR,MSTR-0624,172.225,172.675,1655917761.570304,0,0.02,0.07,2.0,2022-06-24 20:00:00+00:00,,
606,FTX,Delivery,MSTR,MSTR-0930,172.2,172.825,1655917761.570313,0,0.02,0.07,100.0,2022-09-30 20:00:00+00:00,,
607,FTX,Perpetual,MTL,MTL-PERP,1.402,1.4035,1655917761.570322,0,0.02,0.07,inf,,-9.5e-05,2022-06-22 15:00:00+00:00
608,FTX,Perpetual,MVDA10,MVDA10-PERP,9200.0,9215.0,1655917761.570381,0,0.02,0.07,inf,,5e-06,2022-06-22 16:00:00+00:00
609,FTX,Perpetual,MVDA25,MVDA25-PERP,7517.5,7537.5,1655917761.570413,0,0.02,0.07,inf,,8e-06,2022-06-22 15:00:00+00:00
610,FTX,Perpetual,NEAR,NEAR-PERP,3.351,3.352,1655917761.570422,0,0.02,0.07,inf,,-2.5e-05,2022-06-22 15:00:00+00:00
611,FTX,Perpetual,NEO,NEO-PERP,8.9575,8.97,1655917761.57043,0,0.02,0.07,inf,,-3.1e-05,2022-06-22 15:00:00+00:00
612,FTX,Delivery,NFLX,NFLX-0624,179.45,179.69,1655917761.570483,0,0.02,0.07,2.0,2022-06-24 20:00:00+00:00,,
613,FTX,Delivery,NFLX,NFLX-0930,179.52,179.68,1655917761.570493,0,0.02,0.07,100.0,2022-09-30 20:00:00+00:00,,
614,FTX,Delivery,NIO,NIO-0624,22.595,22.63,1655917761.570502,0,0.02,0.07,2.0,2022-06-24 20:00:00+00:00,,
615,FTX,Delivery,NIO,NIO-0930,22.59,22.63,1655917761.570512,0,0.02,0.07,100.0,2022-09-30 20:00:00+00:00,,
616,FTX,Delivery,NOK,NOK-0624,4.703,4.7135,1655917761.570525,0,0.02,0.07,2.0,2022-06-24 20:00:00+00:00,,
617,FTX,Delivery,NOK,NOK-0930,4.674,4.7225,1655917761.570535,0,0.02,0.07,100.0,2022-09-30 20:00:00+00:00,,
618,FTX,Delivery,NVDA,NVDA-0624,164.35,164.75,1655917761.570544,0,0.02,0.07,2.0,2022-06-24 20:00:00+00:00,,
619,FTX,Delivery,NVDA,NVDA-0930,164.35,164.95,1655917761.570553,0,0.02,0.07,100.0,2022-09-30 20:00:00+00:00,,
620,FTX,Perpetual,OKB,OKB-PERP,11.2705,11.2815,1655917761.570561,0,0.02,0.07,inf,,-4.4e-05,2022-06-22 15:00:00+00:00
621,FTX,Delivery,OKB,OKB-0624,11.2125,11.2715,1655917761.570571,0,0.02,0.07,1.0,2022-06-24 03:00:00+00:00,,
622,FTX,Delivery,OKB,OKB-0930,10.9655,11.0485,1655917761.570633,0,0.02,0.07,99.0,2022-09-30 03:00:00+00:00,,
623,FTX,Perpetual,OMG,OMG-PERP,1.817,1.8195,1655917761.570643,0,0.02,0.07,inf,,-8e-06,2022-06-22 15:00:00+00:00
624,FTX,Delivery,OMG,OMG-0624,1.8155,1.8225,1655917761.570653,0,0.02,0.07,1.0,2022-06-24 03:00:00+00:00,,
625,FTX,Delivery,OMG,OMG-0930,1.803,1.813,1655917761.570662,0,0.02,0.07,99.0,2022-09-30 03:00:00+00:00,,
626,FTX,Perpetual,ONE,ONE-PERP,0.02615,0.026175,1655917761.57067,0,0.02,0.07,inf,,-1e-05,2022-06-22 16:00:00+00:00
627,FTX,Perpetual,ONT,ONT-PERP,0.22825,0.22855,1655917761.570678,0,0.02,0.07,inf,,7e-06,2022-06-22 15:00:00+00:00
628,FTX,Perpetual,OP,OP-PERP,0.48375,0.4845,1655917761.570686,0,0.02,0.07,inf,,-2.6e-05,2022-06-22 15:00:00+00:00
629,FTX,Delivery,OP,OP-0930,0.4805,0.487,1655917761.570701,0,0.02,0.07,99.0,2022-09-30 03:00:00+00:00,,
630,FTX,Perpetual,OXY,OXY-PERP,0.0855,0.0865,1655917761.570709,0,0.02,0.07,inf,,0.000175,2022-06-22 15:00:00+00:00
631,FTX,Perpetual,PAXG,PAXG-PERP,1841.3,1842.0,1655917761.570717,0,0.02,0.07,inf,,4.5e-05,2022-06-22 16:00:00+00:00
632,FTX,Delivery,PENN,PENN-0624,28.55,28.6,1655917761.570728,0,0.02,0.07,2.0,2022-06-24 20:00:00+00:00,,
633,FTX,Delivery,PENN,PENN-0930,28.55,28.66,1655917761.570737,0,0.02,0.07,100.0,2022-09-30 20:00:00+00:00,,
634,FTX,Perpetual,PEOPLE,PEOPLE-PERP,0.02289,0.02292,1655917761.570745,0,0.02,0.07,inf,,-1.7e-05,2022-06-22 15:00:00+00:00
635,FTX,Perpetual,PERP,PERP-PERP,0.771,0.775,1655917761.570753,0,0.02,0.07,inf,,-0.000215,2022-06-22 15:00:00+00:00
636,FTX,Delivery,PFE,PFE-0624,49.19,49.24,1655917761.570767,0,0.02,0.07,2.0,2022-06-24 20:00:00+00:00,,
637,FTX,Delivery,PFE,PFE-0930,48.79,48.84,1655917761.570796,0,0.02,0.07,100.0,2022-09-30 20:00:00+00:00,,
638,FTX,Perpetual,POLIS,POLIS-PERP,0.372025,0.37205,1655917761.570805,0,0.02,0.07,inf,,2.1e-05,2022-06-22 15:00:00+00:00
639,FTX,Delivery,TRUMP2024,TRUMP2024,0.411,0.436,1655917761.570815,0,0.02,0.07,876.0,2024-11-15 00:00:00+00:00,,
640,FTX,Perpetual,PRIV,PRIV-PERP,852.8,854.1,1655917761.570823,0,0.02,0.07,inf,,1.8e-05,2022-06-22 15:00:00+00:00
641,FTX,Delivery,PRIV,PRIV-0624,850.7,854.4,1655917761.570833,0,0.02,0.07,1.0,2022-06-24 03:00:00+00:00,,
642,FTX,Delivery,PRIV,PRIV-0930,851.3,856.1,1655917761.570842,0,0.02,0.07,99.0,2022-09-30 03:00:00+00:00,,
643,FTX,Perpetual,PROM,PROM-PERP,3.425,3.445,1655917761.57085,0,0.02,0.07,inf,,5.4e-05,2022-06-22 16:00:00+00:00
644,FTX,Perpetual,PUNDIX,PUNDIX-PERP,0.431,0.432,1655917761.570858,0,0.02,0.07,inf,,-0.000168,2022-06-22 15:00:00+00:00
645,FTX,Delivery,PYPL,PYPL-0624,73.6,73.7,1655917761.570868,0,0.02,0.07,2.0,2022-06-24 20:00:00+00:00,,
646,FTX,Delivery,PYPL,PYPL-0930,73.575,73.775,1655917761.570877,0,0.02,0.07,100.0,2022-09-30 20:00:00+00:00,,
647,FTX,Perpetual,QTUM,QTUM-PERP,2.765,2.768,1655917761.570885,0,0.02,0.07,inf,,-4e-06,2022-06-22 15:00:00+00:00
648,FTX,Perpetual,RAMP,RAMP-PERP,0.0408,0.0409,1655917761.570892,0,0.02,0.07,inf,,-8.4e-05,2022-06-22 16:00:00+00:00
649,FTX,Perpetual,RAY,RAY-PERP,0.6841,0.6844,1655917761.570899,0,0.02,0.07,inf,,-1e-06,2022-06-22 15:00:00+00:00
650,FTX,Perpetual,REEF,REEF-PERP,0.00343,0.003435,1655917761.570906,0,0.02,0.07,inf,,-4.7e-05,2022-06-22 15:00:00+00:00
651,FTX,Delivery,REEF,REEF-0624,0.003375,0.0035,1655917761.570916,0,0.02,0.07,1.0,2022-06-24 03:00:00+00:00,,
652,FTX,Perpetual,REN,REN-PERP,0.1087,0.10885,1655917761.570924,0,0.02,0.07,inf,,4.9e-05,2022-06-22 16:00:00+00:00
653,FTX,Perpetual,RNDR,RNDR-PERP,0.498,0.4995,1655917761.570931,0,0.02,0.07,inf,,-3.5e-05,2022-06-22 15:00:00+00:00
654,FTX,Perpetual,RON,RON-PERP,0.2755,0.276,1655917761.570939,0,0.02,0.07,inf,,0.000115,2022-06-22 15:00:00+00:00
655,FTX,Perpetual,ROSE,ROSE-PERP,0.0518,0.05185,1655917761.570946,0,0.02,0.07,inf,,-4.9e-05,2022-06-22 16:00:00+00:00
656,FTX,Perpetual,RSR,RSR-PERP,0.008615,0.008625,1655917761.570953,0,0.02,0.07,inf,,-6.8e-05,2022-06-22 15:00:00+00:00
657,FTX,Perpetual,RUNE,RUNE-PERP,1.7935,1.7945,1655917761.57096,0,0.02,0.07,inf,,2.3e-05,2022-06-22 15:00:00+00:00
658,FTX,Perpetual,SAND,SAND-PERP,0.94215,0.94285,1655917761.570968,0,0.02,0.07,inf,,-2.5e-05,2022-06-22 15:00:00+00:00
659,FTX,Perpetual,SC,SC-PERP,0.003905,0.003915,1655917761.570975,0,0.02,0.07,inf,,-7e-06,2022-06-22 15:00:00+00:00
660,FTX,Perpetual,SCRT,SCRT-PERP,0.97125,0.97425,1655917761.570983,0,0.02,0.07,inf,,6.9e-05,2022-06-22 15:00:00+00:00
661,FTX,Perpetual,SECO,SECO-PERP,3.7827,3.8775,1655917761.57099,0,0.02,0.07,inf,,0.000202,2022-06-22 15:00:00+00:00
662,FTX,Perpetual,SHIB,SHIB-PERP,9.98e-06,9.99e-06,1655917761.570998,0,0.02,0.07,inf,,-3.7e-05,2022-06-22 15:00:00+00:00
663,FTX,Perpetual,SHIT,SHIT-PERP,2062.2,2065.2,1655917761.571005,0,0.02,0.07,inf,,-0.000149,2022-06-22 15:00:00+00:00
664,FTX,Delivery,SHIT,SHIT-0624,2059.8,2065.5,1655917761.571015,0,0.02,0.07,1.0,2022-06-24 03:00:00+00:00,,
665,FTX,Delivery,SHIT,SHIT-0930,2016.4,2029.7,1655917761.571024,0,0.02,0.07,99.0,2022-09-30 03:00:00+00:00,,
666,FTX,Perpetual,SKL,SKL-PERP,0.0525,0.0527,1655917761.571031,0,0.02,0.07,inf,,-1.2e-05,2022-06-22 15:00:00+00:00
667,FTX,Perpetual,SLP,SLP-PERP,0.003675,0.0037,1655917761.571051,0,0.02,0.07,inf,,-4.9e-05,2022-06-22 15:00:00+00:00
668,FTX,Delivery,SLV,SLV-0624,19.765,19.855,1655917761.571061,0,0.02,0.07,2.0,2022-06-24 20:00:00+00:00,,
669,FTX,Delivery,SLV,SLV-0930,19.8025,19.845,1655917761.57107,0,0.02,0.07,100.0,2022-09-30 20:00:00+00:00,,
670,FTX,Perpetual,SNX,SNX-PERP,3.207,3.211,1655917761.571077,0,0.02,0.07,inf,,-6.4e-05,2022-06-22 15:00:00+00:00
671,FTX,Perpetual,SOL,SOL-PERP,34.8725,34.88,1655917761.571085,0,0.02,0.07,inf,,0.0,2022-06-22 15:00:00+00:00
672,FTX,Delivery,SOL,SOL-0624,34.8225,34.875,1655917761.571094,0,0.02,0.07,1.0,2022-06-24 03:00:00+00:00,,
673,FTX,Delivery,SOL,SOL-0930,34.2225,34.305,1655917761.571103,0,0.02,0.07,99.0,2022-09-30 03:00:00+00:00,,
674,FTX,Perpetual,SOS,SOS-PERP,3.7e-07,3.8e-07,1655917761.571111,0,0.02,0.07,inf,,-0.000993,2022-06-22 15:00:00+00:00
675,FTX,Perpetual,SPELL,SPELL-PERP,0.0007725,0.000775,1655917761.571118,0,0.02,0.07,inf,,-0.000275,2022-06-22 15:00:00+00:00
676,FTX,Delivery,SPY,SPY-0624,376.11,376.72,1655917761.571128,0,0.02,0.07,2.0,2022-06-24 20:00:00+00:00,,
677,FTX,Delivery,SPY,SPY-0930,374.0,375.93,1655917761.571137,0,0.02,0.07,100.0,2022-09-30 20:00:00+00:00,,
678,FTX,Delivery,SQ,SQ-0624,61.575,61.8,1655917761.571152,0,0.02,0.07,2.0,2022-06-24 20:00:00+00:00,,
679,FTX,Delivery,SQ,SQ-0930,61.65,61.875,1655917761.571165,0,0.02,0.07,100.0,2022-09-30 20:00:00+00:00,,
680,FTX,Perpetual,SRM,SRM-PERP,0.856,0.857,1655917761.571172,0,0.02,0.07,inf,,-3.7e-05,2022-06-22 15:00:00+00:00
681,FTX,Perpetual,STEP,STEP-PERP,0.0635,0.064,1655917761.571181,0,0.02,0.07,inf,,-1.6e-05,2022-06-22 15:00:00+00:00
682,FTX,Perpetual,STMX,STMX-PERP,0.006745,0.00676,1655917761.571188,0,0.02,0.07,inf,,-1.7e-05,2022-06-22 15:00:00+00:00
683,FTX,Perpetual,STORJ,STORJ-PERP,0.645,0.646,1655917761.571196,0,0.02,0.07,inf,,-6.6e-05,2022-06-22 15:00:00+00:00
684,FTX,Perpetual,STX,STX-PERP,0.381,0.38175,1655917761.571203,0,0.02,0.07,inf,,-6.7e-05,2022-06-22 15:00:00+00:00
685,FTX,Perpetual,SUSHI,SUSHI-PERP,1.232,1.2337,1655917761.57121,0,0.02,0.07,inf,,-2.5e-05,2022-06-22 15:00:00+00:00
686,FTX,Delivery,SUSHI,SUSHI-0624,1.2272,1.2331,1655917761.57122,0,0.02,0.07,1.0,2022-06-24 03:00:00+00:00,,
687,FTX,Delivery,SUSHI,SUSHI-0930,1.2119,1.2375,1655917761.571229,0,0.02,0.07,99.0,2022-09-30 03:00:00+00:00,,
688,FTX,Perpetual,SXP,SXP-PERP,0.408,0.409,1655917761.571261,0,0.02,0.07,inf,,-1.9e-05,2022-06-22 15:00:00+00:00
689,FTX,Delivery,SXP,SXP-0624,0.404,0.4075,1655917761.571275,0,0.02,0.07,1.0,2022-06-24 03:00:00+00:00,,
690,FTX,Delivery,SXP,SXP-0930,0.404,0.408,1655917761.571284,0,0.02,0.07,99.0,2022-09-30 03:00:00+00:00,,
691,FTX,Perpetual,THETA,THETA-PERP,1.23945,1.24065,1655917761.571292,0,0.02,0.07,inf,,-2.8e-05,2022-06-22 15:00:00+00:00
692,FTX,Delivery,THETA,THETA-0624,1.236,1.2532,1655917761.571522,0,0.02,0.07,1.0,2022-06-24 03:00:00+00:00,,
693,FTX,Perpetual,TLM,TLM-PERP,0.02355,0.0236,1655917761.571531,0,0.02,0.07,inf,,-6.9e-05,2022-06-22 15:00:00+00:00
694,FTX,Delivery,TLRY,TLRY-0624,3.222,3.246,1655917761.571541,0,0.02,0.07,2.0,2022-06-24 20:00:00+00:00,,
695,FTX,Delivery,TLRY,TLRY-0930,3.148,3.248,1655917761.57155,0,0.02,0.07,100.0,2022-09-30 20:00:00+00:00,,
696,FTX,Perpetual,TOMO,TOMO-PERP,0.4651,0.4656,1655917761.571558,0,0.02,0.07,inf,,1.7e-05,2022-06-22 15:00:00+00:00
697,FTX,Perpetual,TONCOIN,TONCOIN-PERP,1.0655,1.0675,1655917761.571565,0,0.02,0.07,inf,,-5e-05,2022-06-22 15:00:00+00:00
698,FTX,Perpetual,TRU,TRU-PERP,0.0554,0.0555,1655917761.571573,0,0.02,0.07,inf,,6.2e-05,2022-06-22 15:00:00+00:00
699,FTX,Perpetual,TRX,TRX-PERP,0.06341,0.06343,1655917761.57158,0,0.02,0.07,inf,,-3.7e-05,2022-06-22 15:00:00+00:00
700,FTX,Delivery,TRX,TRX-0624,0.0629925,0.0630875,1655917761.57159,0,0.02,0.07,1.0,2022-06-24 03:00:00+00:00,,
701,FTX,Delivery,TRX,TRX-0930,0.061075,0.0613625,1655917761.571599,0,0.02,0.07,99.0,2022-09-30 03:00:00+00:00,,
702,FTX,Perpetual,TRYB,TRYB-PERP,0.05709,0.05713,1655917761.571607,0,0.02,0.07,inf,,-4.7e-05,2022-06-22 15:00:00+00:00
703,FTX,Delivery,TSLA,TSLA-0624,717.15,720.95,1655917761.571617,0,0.02,0.07,2.0,2022-06-24 20:00:00+00:00,,
704,FTX,Delivery,TSLA,TSLA-0930,716.65,719.8,1655917761.571626,0,0.02,0.07,100.0,2022-09-30 20:00:00+00:00,,
705,FTX,Delivery,TSM,TSM-0624,84.9,85.4,1655917761.571634,0,0.02,0.07,2.0,2022-06-24 20:00:00+00:00,,
706,FTX,Delivery,TSM,TSM-0930,84.6,85.1,1655917761.571644,0,0.02,0.07,100.0,2022-09-30 20:00:00+00:00,,
707,FTX,Delivery,TWTR,TWTR-0624,39.025,39.22,1655917761.571653,0,0.02,0.07,2.0,2022-06-24 20:00:00+00:00,,
708,FTX,Delivery,TWTR,TWTR-0930,39.03,39.235,1655917761.571662,0,0.02,0.07,100.0,2022-09-30 20:00:00+00:00,,
709,FTX,Delivery,UBER,UBER-0624,21.75,21.86,1655917761.571671,0,0.02,0.07,2.0,2022-06-24 20:00:00+00:00,,
710,FTX,Delivery,UBER,UBER-0930,21.76,21.925,1655917761.57168,0,0.02,0.07,100.0,2022-09-30 20:00:00+00:00,,
711,FTX,Perpetual,UNI,UNI-PERP,5.122,5.127,1655917761.571688,0,0.02,0.07,inf,,-3e-06,2022-06-22 15:00:00+00:00
712,FTX,Delivery,UNI,UNI-0624,5.102,5.118,1655917761.571697,0,0.02,0.07,1.0,2022-06-24 03:00:00+00:00,,
713,FTX,Delivery,UNI,UNI-0930,5.133,5.172,1655917761.571706,0,0.02,0.07,99.0,2022-09-30 03:00:00+00:00,,
714,FTX,Perpetual,UNISWAP,UNISWAP-PERP,13750.0,13800.0,1655917761.571714,0,0.02,0.07,inf,,7.5e-05,2022-06-22 15:00:00+00:00
715,FTX,Delivery,UNISWAP,UNISWAP-0624,13750.0,13925.0,1655917761.571724,0,0.02,0.07,1.0,2022-06-24 03:00:00+00:00,,
716,FTX,Delivery,UNISWAP,UNISWAP-0930,14475.0,14650.0,1655917761.571733,0,0.02,0.07,99.0,2022-09-30 03:00:00+00:00,,
717,FTX,Perpetual,USDT,USDT-PERP,0.9988,0.9989,1655917761.57174,0,0.02,0.07,inf,,-4e-06,2022-06-22 15:00:00+00:00
718,FTX,Delivery,USDT,USDT-0624,0.9988,0.9998,1655917761.57175,0,0.02,0.07,1.0,2022-06-24 03:00:00+00:00,,
719,FTX,Delivery,USDT,USDT-0930,0.99,0.9903,1655917761.571759,0,0.02,0.07,99.0,2022-09-30 03:00:00+00:00,,
720,FTX,Delivery,USO,USO-0624,81.11,81.535,1655917761.571768,0,0.02,0.07,2.0,2022-06-24 20:00:00+00:00,,
721,FTX,Delivery,USO,USO-0930,81.165,81.46,1655917761.571777,0,0.02,0.07,100.0,2022-09-30 20:00:00+00:00,,
722,FTX,Perpetual,VET,VET-PERP,0.023155,0.02317,1655917761.571785,0,0.02,0.07,inf,,-4.3e-05,2022-06-22 15:00:00+00:00
723,FTX,Perpetual,WAVES,WAVES-PERP,6.282,6.2855,1655917761.571792,0,0.02,0.07,inf,,-5.8e-05,2022-06-22 15:00:00+00:00
724,FTX,Delivery,WAVES,WAVES-0624,6.2415,6.289,1655917761.571802,0,0.02,0.07,1.0,2022-06-24 03:00:00+00:00,,
725,FTX,Delivery,WAVES,WAVES-0930,5.2545,5.314,1655917761.571811,0,0.02,0.07,99.0,2022-09-30 03:00:00+00:00,,
726,FTX,Delivery,WSB,WSB-0624,555.15,559.65,1655917761.571819,0,0.02,0.07,2.0,2022-06-24 20:00:00+00:00,,
727,FTX,Delivery,WSB,WSB-0930,555.7,559.75,1655917761.571829,0,0.02,0.07,100.0,2022-09-30 20:00:00+00:00,,
728,FTX,Perpetual,XAUT,XAUT-PERP,1835.1,1836.9,1655917761.571837,0,0.02,0.07,inf,,-1.6e-05,2022-06-22 15:00:00+00:00
729,FTX,Delivery,XAUT,XAUT-0624,1842.0,1846.5,1655917761.571846,0,0.02,0.07,1.0,2022-06-24 03:00:00+00:00,,
730,FTX,Perpetual,XEM,XEM-PERP,0.04035,0.0404,1655917761.571854,0,0.02,0.07,inf,,-8e-06,2022-06-22 15:00:00+00:00
731,FTX,Perpetual,XLM,XLM-PERP,0.11255,0.11265,1655917761.571861,0,0.02,0.07,inf,,-2e-06,2022-06-22 15:00:00+00:00
732,FTX,Perpetual,XMR,XMR-PERP,114.42,114.45,1655917761.571868,0,0.02,0.07,inf,,2e-06,2022-06-22 15:00:00+00:00
733,FTX,Perpetual,XRP,XRP-PERP,0.321375,0.321425,1655917761.571876,0,0.02,0.07,inf,,3e-06,2022-06-22 15:00:00+00:00
734,FTX,Delivery,XRP,XRP-0624,0.321025,0.321525,1655917761.571885,0,0.02,0.07,1.0,2022-06-24 03:00:00+00:00,,
735,FTX,Delivery,XRP,XRP-0930,0.319225,0.32,1655917761.571894,0,0.02,0.07,99.0,2022-09-30 03:00:00+00:00,,
736,FTX,Perpetual,XTZ,XTZ-PERP,1.37,1.3715,1655917761.571902,0,0.02,0.07,inf,,-1.9e-05,2022-06-22 15:00:00+00:00
737,FTX,Delivery,XTZ,XTZ-0624,1.3691,1.3784,1655917761.571911,0,0.02,0.07,1.0,2022-06-24 03:00:00+00:00,,
738,FTX,Delivery,XTZ,XTZ-0930,1.3548,1.3658,1655917761.57192,0,0.02,0.07,99.0,2022-09-30 03:00:00+00:00,,
739,FTX,Perpetual,YFI,YFI-PERP,5155.0,5165.0,1655917761.571928,0,0.02,0.07,inf,,1.3e-05,2022-06-22 15:00:00+00:00
740,FTX,Delivery,YFI,YFI-0624,5110.0,5170.0,1655917761.571937,0,0.02,0.07,1.0,2022-06-24 03:00:00+00:00,,
741,FTX,Delivery,YFI,YFI-0930,4835.0,5250.0,1655917761.571946,0,0.02,0.07,99.0,2022-09-30 03:00:00+00:00,,
742,FTX,Perpetual,YFII,YFII-PERP,635.0,637.75,1655917761.571954,0,0.02,0.07,inf,,-4.7e-05,2022-06-22 15:00:00+00:00
743,FTX,Perpetual,ZEC,ZEC-PERP,64.79,64.83,1655917761.571961,0,0.02,0.07,inf,,-2.1e-05,2022-06-22 16:00:00+00:00
744,FTX,Perpetual,ZIL,ZIL-PERP,0.03979,0.03982,1655917761.571968,0,0.02,0.07,inf,,-1.1e-05,2022-06-22 15:00:00+00:00
745,FTX,Delivery,ZM,ZM-0624,115.9,116.4,1655917761.572543,0,0.02,0.07,2.0,2022-06-24 20:00:00+00:00,,
746,FTX,Delivery,ZM,ZM-0930,115.95,116.85,1655917761.572553,0,0.02,0.07,100.0,2022-09-30 20:00:00+00:00,,
747,FTX,Perpetual,ZRX,ZRX-PERP,0.2775,0.27775,1655917761.572587,0,0.02,0.07,inf,,-3e-05,2022-06-22 15:00:00+00:00
