,index,lpToken,allocPoint,isRegular,token0,token0_name,token1,token1_name,average_daily_liquidity_of_pool_in_$,average_daily_trading_volume_of_pool_in_$,exchange_fee%,daily_basic_earning_in_$,daily_basic_earning_in_%,annual_basic_earning_in_$,annual_basic_earning_in_%,total_liquidity_pool_size_in_$,daily_mining_reward_in_%,annual_mining_reward_in_%,daily_mining_reward_in_$,annual_mining_reward_in_$
0,2.0,0x0eD7e52944161450477ee417DE9Cd3a859b14fD0,4000.0,1.0,0x0E09FaBB73Bd3Ade0a17ECC321fD13a19e81cE82,Cake,0xbb4CdB9CBd36B01bD1cBaEBF2De08d9173bc095c,WBNB,180697812.71360025,3478571.4285714286,0.17,32.730256251965,0.0032730256251965,11946.543531967225,1.1946543531967226,166816474.7812603,0.0735615336750553,26.84995979139521,735.615336750553,268499.5979139521
1,3.0,0x58F876857a02D6762E0101bb5C46A8c1ED44Dc16,1100.0,1.0,0xbb4CdB9CBd36B01bD1cBaEBF2De08d9173bc095c,WBNB,0xe9e7CEA3DedcA5984780Bafc599bD69ADd087D56,BUSD,287102827.0152066,33068571.42857143,0.17,195.80839186291007,0.019580839186291006,71470.06302996217,7.147006302996218,273886371.3949039,0.0123211710308419,4.497227426257325,123.211710308419,44972.27426257325
2,4.0,0x28415ff2C35b65B9E5c7de82126b4015ab9d031F,50.0,1.0,0x3EE2200Efb3400fAbB9AacF31297cBdD1d435D47,ADA,0xbb4CdB9CBd36B01bD1cBaEBF2De08d9173bc095c,WBNB,8653625.673465177,1322857.142857143,0.17,259.841540808297,0.0259841540808297,94842.16239502841,9.48421623950284,6265390.701172197,0.0244822635819021,8.936026207394274,244.822635819021,89360.26207394274
3,5.0,0xDd5bAd8f8b360d76d12FdA230F8BAF42fe0022CF,100.0,1.0,0x7083609fCE4d1d8Dc0C979AAb8c869Ea2C873402,DOT,0xbb4CdB9CBd36B01bD1cBaEBF2De08d9173bc095c,WBNB,11784981.881851483,970000.0,0.17,139.88748095660452,0.01398874809566045,51058.93054916064,5.105893054916065,10386805.947048375,0.0295357297270554,10.780541350375223,295.357297270554,107805.41350375224
4,6.0,0x824eb9faDFb377394430d2744fa7C42916DE3eCe,50.0,1.0,0xbb4CdB9CBd36B01bD1cBaEBF2De08d9173bc095c,WBNB,0xF8A0BF9cF54Bb92F17374d9e9A321E6a111a51bD,LINK,8370984.227440669,590000.0,0.17,119.9722382696166,0.01199722382696166,43789.86696841006,4.378986696841006,7429559.351591994,0.0206460355629069,7.535802980461042,206.46035562906903,75358.02980461041
5,7.0,0x7EFaEf62fDdCCa950418312c6C91Aef321375A00,250.0,1.0,0x55d398326f99059fF775485246999027B3197955,USDT,0xe9e7CEA3DedcA5984780Bafc599bD69ADd087D56,BUSD,310908587.5820253,7540000.0,0.17,41.22479522622186,0.004122479522622186,15047.05025757098,1.504705025757098,283794013.95687526,0.0027025049692028,0.9864143137590444,27.025049692028002,9864.143137590443
6,8.0,0x3DcB1787a95D2ea0Eb7d00887704EeBF0D79bb13,10.0,1.0,0x4B0F1812e5Df2A09796481Ff14017e6005508003,TWT,0xbb4CdB9CBd36B01bD1cBaEBF2De08d9173bc095c,WBNB,2770958.4843179598,238571.42857142855,0.17,146.9321389862219,0.01469321389862219,53630.230729971,5.3630230729971,1707078.8520991902,0.0179711612502342,6.559473856335488,179.711612502342,65594.73856335488
7,9.0,0x7EB5D86FD78f3852a3e0e064f2842d45a3dB6EA2,50.0,1.0,0xbb4CdB9CBd36B01bD1cBaEBF2De08d9173bc095c,WBNB,0xcF6BB5389c92Bdda8a3747Ddb454cB7a64626C63,XVS,4028551.229880562,200000.0,0.17,84.39758627820163,0.008439758627820163,30805.118991543593,3.0805118991543594,3325500.457517121,0.0461256729774203,16.83587063675841,461.256729774203,168358.7063675841
8,10.0,0x74E4716E431f45807DCF19f284c7aA99F18a4fbc,250.0,1.0,0x2170Ed0880ac9A755fd29B2688956BD959F933F8,ETH,0xbb4CdB9CBd36B01bD1cBaEBF2De08d9173bc095c,WBNB,59960870.27437435,4292857.142857143,0.17,121.72223977360514,0.012172223977360515,44428.617517365885,4.442861751736588,53760629.10892604,0.0142661041297439,5.207128007356535,142.661041297439,52071.28007356534
9,11.0,0x61EB789d75A95CAa3fF50ed7E47b96c132fEc082,250.0,1.0,0x7130d2A12B9BCbFAe4f2634d864A1Ee1Ce3Ead9c,BTCB,0xbb4CdB9CBd36B01bD1cBaEBF2De08d9173bc095c,WBNB,64473284.03553884,1894285.7142857143,0.17,49.94316712989333,0.004994316712989333,18229.256002411064,1.8229256002411065,59611596.3499466,0.012865864695958,4.6960406140247,128.65864695958,46960.406140247
10,12.0,0xACF47CBEaab5c8A6Ee99263cfE43995f89fB3206,10.0,1.0,0xa1faa113cbE53436Df28FF0aEe54275c13B40975,ALPHA,0xbb4CdB9CBd36B01bD1cBaEBF2De08d9173bc095c,WBNB,1055367822.4650444,69102.85714285714,0.17,0.11131122554020893,1.1131122554020892e-05,40.62859732217625,0.004062859732217625,836615227.8759052,3.666941300581938e-05,0.013384335747124,0.3666941300581938,133.84335747123998
11,13.0,0x16b9a82891338f9bA80E2D6970FddA79D1eb0daE,600.0,1.0,0x55d398326f99059fF775485246999027B3197955,USDT,0xbb4CdB9CBd36B01bD1cBaEBF2De08d9173bc095c,WBNB,1613989.9584948744,40277142.85714286,0.17,42422.81659785025,4.242281659785025,15484328.05821534,1548.4328058215342,1569944.889141978,1.1724560344805153,427.9464525853881,11724.560344805152,4279464.525853882
12,14.0,0x03F18135c44C64ebFdCBad8297fe5bDafdBbdd86,50.0,1.0,0x1D2F0da169ceB9fC7B3144628dB156f3F6c60dBE,XRP,0xbb4CdB9CBd36B01bD1cBaEBF2De08d9173bc095c,WBNB,8959010.563849615,500000.0,0.17,94.8765484695178,0.00948765484695178,34629.94019137399,3.4629940191373993,7907230.758287403,0.0193988200520049,7.080569318981822,193.988200520049,70805.69318981822
13,15.0,0x014608E87AF97a054C9a49f81E1473076D51d9a3,50.0,1.0,0xbb4CdB9CBd36B01bD1cBaEBF2De08d9173bc095c,WBNB,0xBf5140A22578168FD562DCcF235E5D43A02ce9B1,UNI,5876774.204622504,334285.71428571426,0.17,96.50581039794903,0.009650581039794904,35224.620795251394,3.52246207952514,5479903.916108353,0.0279915394390034,10.216911895236253,279.91539439003395,102169.11895236252
14,16.0,0x1BdCebcA3b93af70b58C41272AEa2231754B23ca,10.0,1.0,0xa2B726B1145A4773F68593CF171187d8EBe4d495,INJ,0xbb4CdB9CBd36B01bD1cBaEBF2De08d9173bc095c,WBNB,108845453.17587613,75050.0,0.17,1.1721599937494014,0.00011721599937494014,427.8383977185315,0.04278383977185315,89876538.0190752,0.0003413370162458,0.124588010929741,3.413370162458,1245.8801092974102
15,17.0,0xD8E2F8b6Db204c405543953Ef6359912FE3A88d6,10.0,1.0,0x47BEAd2563dCBf3bF2c9407fEa4dC236fAbA485A,SXP,0xbb4CdB9CBd36B01bD1cBaEBF2De08d9173bc095c,WBNB,2419618.2248597573,150000.0,0.17,105.68373270089215,0.010568373270089214,38574.56243582563,3.857456243582563,1953159.9534332496,0.0157069518366959,5.733037420394005,157.069518366959,57330.37420394005
16,18.0,0x133ee93FE93320e1182923E1a640912eDE17C90C,10.0,1.0,0x4BD17003473389A42DAF6a0a729f6Fdb328BbBd7,VAI,0xe9e7CEA3DedcA5984780Bafc599bD69ADd087D56,BUSD,4015416.458265762,19477.14285714286,0.17,8.246075821915923,0.0008246075821915923,3009.817674999312,0.3009817674999312,2821740.483527573,0.0108720803692007,3.968309334758288,108.72080369200701,39683.09334758288
17,19.0,0x66FDB2eCCfB58cF098eaa419e5EfDe841368e489,10.0,1.0,0x1AF3F329e8BE154074D8769D1FFa4eE058B1DBc3,DAI,0xe9e7CEA3DedcA5984780Bafc599bD69ADd087D56,BUSD,12939053.900686178,200000.0,0.17,26.38744486646469,0.002638744486646469,9631.417376259611,0.9631417376259611,10067396.76185531,0.00304728124297,1.1122576536840745,30.4728124297,11122.576536840745
18,20.0,0x2354ef4DF11afacb85a5C7f98B624072ECcddbB1,100.0,1.0,0x8AC76a51cc950d9822D68b83fE1Ad97B32Cd580d,USDC,0xe9e7CEA3DedcA5984780Bafc599bD69ADd087D56,BUSD,161552242.08863202,3744285.714285714,0.17,39.40344128571041,0.003940344128571041,14382.2560692843,1.43822560692843,151388714.39812833,0.0020264515383399,0.7396548114940772,20.264515383398997,7396.548114940772
19,21.0,0x71b01eBdDD797c8E9E0b003ea2f4FD207fBF46cC,10.0,1.0,0x4338665CBB7B2485A8855A139b75D5e34AB0DB94,LTC,0xbb4CdB9CBd36B01bD1cBaEBF2De08d9173bc095c,WBNB,3074994.6110695545,65374.28571428572,0.17,36.14222361790962,0.0036142223617909625,13191.911620537014,1.3191911620537013,2956695.849188999,0.0103758353522747,3.787179903580288,103.758353522747,37871.79903580288
20,22.0,0xB2678C414ebC63c9CC6d1a0fC45f43E249B50fdE,10.0,1.0,0x78650B139471520656b9E7aA7A5e9276814a38e9,BTCST,0xbb4CdB9CBd36B01bD1cBaEBF2De08d9173bc095c,WBNB,4741565.524482826,228571.42857142855,0.17,81.950028226977,0.0081950028226977,29911.760302846604,2.9911760302846604,4141616.2207643054,0.0074072989100563,2.703664102170579,74.072989100563,27036.641021705793
21,23.0,0x05faf555522Fa3F93959F86B41A3808666093210,10.0,1.0,0x23396cF899Ca06c4472205fC903bDB4de249D6fC,UST,0xe9e7CEA3DedcA5984780Bafc599bD69ADd087D56,BUSD,1446681.8955257528,1258571.4285714286,0.17,1479.2471009822666,0.14792471009822666,539925.1918585274,53.992519185852736,1095649.3787286563,0.02800000612745,10.220002236519283,280.0000612745,102200.02236519282
22,24.0,0xC5768c5371568Cf1114cddD52CAeD163A42626Ed,10.0,1.0,0x762539b45A1dCcE3D36d080F74d1AED37844b878,LINA,0xe9e7CEA3DedcA5984780Bafc599bD69ADd087D56,BUSD,3582127.860571154,528571.4285714285,0.17,250.44970254071606,0.025044970254071607,91414.14142736138,9.141414142736137,3197587.6615914027,0.0095941667796751,3.501870874581417,95.941667796751,35018.70874581417
23,25.0,0x942b294e59a8c47a0F7F20DF105B082710F7C305,50.0,1.0,0xbb4CdB9CBd36B01bD1cBaEBF2De08d9173bc095c,WBNB,0xD41FDb03Ba84762dD66a0af1a6C8540FF1ba5dfb,SFP,10446813.57020383,1124285.7142857143,0.17,182.83086868206968,0.01828308686820697,66733.26706895544,6.673326706895543,10188903.618222443,0.0150547058189227,5.494967623906797,150.54705818922702,54949.67623906798
24,26.0,0x16aFc4F2Ad82986bbE2a4525601F8199AB9c832D,10.0,1.0,0x2170Ed0880ac9A755fd29B2688956BD959F933F8,ETH,0x947950BcC74888a40Ffa2593C5798F11Fc9124C4,SUSHI,2542518.6120785307,154285.7142857143,0.17,102.82267755548557,0.010282267755548557,37530.277307752236,3.7530277307752233,2213042.9962483384,0.013862446129581,5.05979283729709,138.62446129581,50597.928372970906
25,27.0,0xc13aA76AAc067c86aE38028019F414D731b3D86A,10.0,1.0,0x9678E42ceBEb63F23197D726B29b1CB20d0064E5,IOTX,0xe9e7CEA3DedcA5984780Bafc599bD69ADd087D56,BUSD,2022388.3841008015,248571.42857142855,0.17,208.3816218198602,0.02083816218198602,76059.29196424897,7.605929196424897,1936076.856229084,0.015845543124611,5.7836232404830215,158.45543124610998,57836.23240483021
26,28.0,0xE834bf723f5bDff34a5D1129F3c31Ea4787Bc76a,10.0,1.0,0x8519EA49c997f50cefFa444d240fB655e89248Aa,RAMP,0xe9e7CEA3DedcA5984780Bafc599bD69ADd087D56,BUSD,4403749.803206971,53174.28571428572,0.17,20.527311245364658,0.0020527311245364657,7492.4686045581,0.74924686045581,2593389.8444756474,0.0118293782106415,4.3177230468841605,118.293782106415,43177.230468841604
27,29.0,0xF3Bc6FC080ffCC30d93dF48BFA2aA14b869554bb,0.0,1.0,0xbb4CdB9CBd36B01bD1cBaEBF2De08d9173bc095c,WBNB,0xE0e514c71282b6f4e823703a39374Cf58dc3eA4f,BELT,6909513.115863503,24931.42857142857,0.17,6.1339860612682875,0.0006133986061268288,2238.904912362925,0.2238904912362925,20959.76004835215,0.0,0.0,0.0,0.0
28,30.0,0xcAD7019D6d84a3294b0494aEF02e73BD0f2572Eb,50.0,1.0,0xAC51066d7bEC65Dc4589368da368b212745d63E8,ALICE,0xbb4CdB9CBd36B01bD1cBaEBF2De08d9173bc095c,WBNB,3472413.2324395496,235714.2857142857,0.17,115.60506902761315,0.011560506902761315,42195.8501950788,4.21958501950788,2877020.6748188795,0.0533158999976087,19.460303499127203,533.158999976087,194603.03499127203
29,31.0,0x3f1A9f3D9aaD8bD339eD4853F345d2eF89fbfE0c,10.0,1.0,0xbb4CdB9CBd36B01bD1cBaEBF2De08d9173bc095c,WBNB,0xCa3F508B8e4Dd382eE878A314789373D80A5190A,BIFI,2171956.972613872,73482.85714285714,0.17,57.514951527636974,0.005751495152763697,20992.957307587498,2.0992957307587496,2114668.912658635,0.0145073250636524,5.29517364823314,145.073250636524,52951.7364823314
30,32.0,0xFFd4B200d3C77A0B691B5562D804b3bd54294e6e,10.0,1.0,0x9f589e3eabe42ebC94A44727b3f3531C0c877809,TKO,0xbb4CdB9CBd36B01bD1cBaEBF2De08d9173bc095c,WBNB,2061396.8357185607,89618.57142857143,0.17,74.15221572505226,0.007415221572505226,27065.55873964407,2.7065558739644073,1683117.5584776432,0.0182270033150193,6.652856209982061,182.270033150193,66528.56209982061
31,33.0,0xddE420cbB3794ebD8FFC3Ac69F9c78e5d1411870,10.0,1.0,0xA7f552078dcC247C2684336020c03648500C6d9F,EPS,0xbb4CdB9CBd36B01bD1cBaEBF2De08d9173bc095c,WBNB,1853321.2300130492,34498.57142857143,0.17,31.644348484978995,0.0031644348484979,11550.187197017334,1.1550187197017334,1061189.1314805087,0.0289092569909181,10.55187880168513,289.092569909181,105518.78801685128
32,34.0,0xE6b421a4408c82381b226Ab5B6F8C4b639044359,10.0,1.0,0x2222227E22102Fe3322098e4CBfE18cFebD57c95,TLM,0xbb4CdB9CBd36B01bD1cBaEBF2De08d9173bc095c,WBNB,1705192.5319381435,98175.71428571428,0.17,98.01993265410354,0.009801993265410355,35777.2754187478,3.5777275418747796,1367680.5911838028,0.0224308142673762,8.187247207592343,224.308142673762,81872.47207592343
33,35.0,0x7752e1FA9F3a2e860856458517008558DEb989e3,100.0,1.0,0x8F0528cE5eF7B51152A59745bEfDD91D97091d2F,ALPACA,0xe9e7CEA3DedcA5984780Bafc599bD69ADd087D56,BUSD,10952451.773205612,611428.5714285715,0.17,94.82547379137694,0.009482547379137694,34611.297933852584,3.4611297933852585,10781169.707009118,0.0284553440411893,10.386200575034096,284.553440411893,103862.00575034095
34,36.0,0xF45cd219aEF8618A92BAa7aD848364a158a24F33,250.0,1.0,0x7130d2A12B9BCbFAe4f2634d864A1Ee1Ce3Ead9c,BTCB,0xe9e7CEA3DedcA5984780Bafc599bD69ADd087D56,BUSD,68168440.07974066,4108571.4285714286,0.17,102.43533715439112,0.010243533715439112,37388.89806135276,3.7388898061352758,65709321.00094605,0.0116719320983006,4.260255215879728,116.719320983006,42602.55215879728
35,37.0,0xac109C8025F272414fd9e2faA805a583708A017f,50.0,1.0,0xbA2aE424d960c26247Dd6c32edC70B295c744C43,DOGE,0xbb4CdB9CBd36B01bD1cBaEBF2De08d9173bc095c,WBNB,6361715.114361674,601428.5714285715,0.17,160.78323604086367,0.016078323604086366,58685.88115491524,5.868588115491524,5755919.003147678,0.0266492538386681,9.72697765111388,266.492538386681,97269.77651113881
36,38.0,0xF23BAD605E94dE0e3B60c9718a43A94A5aF43915,100.0,1.0,0x4FA7163E153419E0E1064e418dd7A99314Ed27b6,HOTCROSS,0xbb4CdB9CBd36B01bD1cBaEBF2De08d9173bc095c,WBNB,4214571.721671633,90814.28571428572,0.17,36.60768506853637,0.0036607685068536368,13361.805050015773,1.3361805050015774,2791370.8394201538,0.1099036677058358,40.11483871263008,1099.036677058358,401148.3871263008
37,39.0,0x804678fa97d91B974ec2af3c843270886528a9E6,250.0,1.0,0x0E09FaBB73Bd3Ade0a17ECC321fD13a19e81cE82,Cake,0xe9e7CEA3DedcA5984780Bafc599bD69ADd087D56,BUSD,15211530.175749166,1858571.4285714289,0.17,207.64324115183035,0.020764324115183037,75789.78302041808,7.578978302041809,13965778.911487842,0.0549167173423894,20.04460182997216,549.1671734238939,200446.0182997216
38,40.0,0x6045931E511EF7e53A4A817F971e0CA28c758809,50.0,1.0,0xe9e7CEA3DedcA5984780Bafc599bD69ADd087D56,BUSD,0xf9CeC8d50f6c8ad3Fb6dcCEC577e05aA32B224FE,CHR,3628078.641684179,637142.8571428572,0.17,298.8594849703647,0.02988594849703647,109083.71201418313,10.908371201418312,2749457.841064412,0.0557895248651324,20.36317657577333,557.895248651324,203631.76575773332
39,41.0,0x2E28b9B74D6d99D4697e913b82B41ef1CAC51c6C,50.0,1.0,0x14016E85a25aeb13065688cAFB43044C2ef86784,TUSD,0xe9e7CEA3DedcA5984780Bafc599bD69ADd087D56,BUSD,39969013.55914824,122438.57142857143,0.17,5.218328149699609,0.0005218328149699608,1904.689774640357,0.1904689774640357,35508402.13779738,0.0043198493132535,1.5767449993375604,43.198493132535006,15767.449993375605
40,42.0,0x8FA59693458289914dB0097F5F366d771B7a7C3F,100.0,1.0,0x3203c9E46cA618C8C1cE5dC67e7e9D75f5da2377,MBOX,0xbb4CdB9CBd36B01bD1cBaEBF2De08d9173bc095c,WBNB,39778616.67559193,3112857.1428571427,0.17,133.05784829126117,0.013305784829126116,48566.11462631032,4.856611462631032,39522857.79361703,0.0077621384258538,2.8331805254366604,77.621384258538,28331.8052543666
41,43.0,0xD171B26E4484402de70e3Ea256bE5A2630d7e88D,100.0,1.0,0x2170Ed0880ac9A755fd29B2688956BD959F933F8,ETH,0x7130d2A12B9BCbFAe4f2634d864A1Ee1Ce3Ead9c,BTCB,49004080.28693644,1048571.4285714284,0.17,36.3818100945447,0.0036381810094544696,13279.360684508814,1.3279360684508814,43737390.13348992,0.0070141792238419,2.560175416702293,70.14179223841899,25601.754167022933
42,44.0,0xEa26B78255Df2bBC31C1eBf60010D78670185bD0,100.0,1.0,0x2170Ed0880ac9A755fd29B2688956BD959F933F8,ETH,0x8AC76a51cc950d9822D68b83fE1Ad97B32Cd580d,USDC,22535720.620121434,2064285.7142857143,0.17,155.68933817180604,0.015568933817180605,56826.60843270921,5.682660843270921,21391692.209851485,0.0143411699350325,5.234527026286889,143.411699350325,52345.270262868886
43,45.0,0x89eE0491CE55d2f7472A97602a95426216167189,10.0,1.0,0x4691937a7508860F876c9c0a2a617E7d9E945D4B,WOO,0xbb4CdB9CBd36B01bD1cBaEBF2De08d9173bc095c,WBNB,1025535.4622748384,132895.7142857143,0.17,220.09408159675655,0.022009408159675656,80334.33978281615,8.033433978281614,956740.8525006896,0.0320653071704358,11.703837117209083,320.65307170435796,117038.37117209082
44,46.0,0xba01662E978DE7d67F8FfC937726215eb8995d17,10.0,1.0,0x5A3010d4d8D3B5fB49f8B6E57FB9E48063f16700,BSCPAD,0xbb4CdB9CBd36B01bD1cBaEBF2De08d9173bc095c,WBNB,1998102613.9683049,282857.14285714284,0.17,0.24022790253334514,2.4022790253334513e-05,87.68318442467097,0.008768318442467097,261088428.5040681,0.000117501145086,0.0428879179563998,1.17501145086,428.879179563998
45,47.0,0xA39Af17CE4a8eb807E076805Da1e2B8EA7D0755b,200.0,1.0,0x0E09FaBB73Bd3Ade0a17ECC321fD13a19e81cE82,Cake,0x55d398326f99059fF775485246999027B3197955,USDT,9951429.25318266,932857.1428571428,0.17,159.34538098707213,0.015934538098707214,58161.06406028134,5.816106406028133,9196102.388379904,0.0667199820582769,24.352793451271097,667.1998205827689,243527.93451271098
46,48.0,0xEc6557348085Aa57C72514D67070dC863C0a5A8c,100.0,1.0,0x55d398326f99059fF775485246999027B3197955,USDT,0x8AC76a51cc950d9822D68b83fE1Ad97B32Cd580d,USDC,140292214.7620163,6317142.857142857,0.17,76.55449746957608,0.007655449746957607,27942.391576395265,2.7942391576395265,129112559.71518192,0.0023760809471684,0.8672695457164844,23.760809471684002,8672.695457164844
47,49.0,0x89EBF9cD99864f6E51bd7a578965922029cAB977,0.0,1.0,0x758FB037A375F17c7e195CC634D77dA4F554255B,DVI,0xbb4CdB9CBd36B01bD1cBaEBF2De08d9173bc095c,WBNB,2365501.1645153984,24688.571428571428,0.17,17.7431443285833,0.0017743144328583298,6476.247679932903,0.6476247679932904,184332.0351623241,0.0,0.0,0.0,0.0
48,50.0,0x9D2296e2Fe3CdBf2EB3e3e2CA8811BaFA42eeDFF,10.0,1.0,0x03fF0ff224f904be3118461335064bB48Df47938,ONE,0xbb4CdB9CBd36B01bD1cBaEBF2De08d9173bc095c,WBNB,2096466.194047916,123605.71428571428,0.17,100.16856012093669,0.01001685601209367,36561.52444414189,3.656152444414189,1398973.8155167447,0.0219290661323832,8.004109138319897,219.29066132383198,80041.09138319897
49,51.0,0x1472976E0B97F5B2fC93f1FFF14e2b5C4447b64F,10.0,1.0,0x20de22029ab63cf9A7Cf5fEB2b737Ca1eE4c82A6,CHESS,0x8AC76a51cc950d9822D68b83fE1Ad97B32Cd580d,USDC,2145959.354074873,230000.0,0.17,182.4026026799175,0.018240260267991748,66576.94997816988,6.657694997816988,1832434.907944088,0.0167417621138634,6.110743171560175,167.41762113863402,61107.43171560175
50,52.0,0xC2d00De94795e60FB76Bc37d899170996cBdA436,50.0,1.0,0x715D400F88C167884bbCc41C5FeA407ed4D2f8A0,AXS,0xbb4CdB9CBd36B01bD1cBaEBF2De08d9173bc095c,WBNB,3068104.4906258136,317142.8571428572,0.17,176.00443584952808,0.01760044358495281,64241.61908507775,6.4241619085077755,2876234.5286363824,0.053330472554482,19.46562248238596,533.3047255448199,194656.2248238596
51,53.0,0x92247860A03F48d5c6425c7CA35CDcFCB1013AA1,50.0,1.0,0xaEC945e04baF28b135Fa7c640f624f8D90F1C3a6,C98,0xbb4CdB9CBd36B01bD1cBaEBF2De08d9173bc095c,WBNB,3896611.369463632,465714.28571428574,0.17,203.1068783586472,0.02031068783586472,74134.01060090623,7.413401060090623,2330848.55824549,0.0658090574126184,24.02030595560572,658.090574126184,240203.05955605724
52,54.0,0xFdFde3aF740A22648B9dD66D05698e5095940850,10.0,1.0,0x1633b7157e7638C4d6593436111Bf125Ee74703F,SPS,0xbb4CdB9CBd36B01bD1cBaEBF2De08d9173bc095c,WBNB,4041109.4685922777,154285.7142857143,0.17,64.69227657909505,0.006469227657909505,23612.680951369694,2.3612680951369693,590161.394963685,0.0519827111358699,18.97368956459252,519.827111358699,189736.8956459252
53,55.0,0x6a445cEB72c8B1751755386c3990055ff92e14A0,10.0,1.0,0xaeF0d72a118ce24feE3cD1d43d383897D05B4e99,WIN,0xe9e7CEA3DedcA5984780Bafc599bD69ADd087D56,BUSD,4084204.2020367696,230000.0,0.17,95.83961821335188,0.009583961821335188,34981.460647873435,3.4981460647873432,4010217.995585533,0.0076500053991354,2.792251970684421,76.500053991354,27922.519706844214
54,56.0,0xb5D108578Be3750209d1b3A8f45FFee8C5a75146,50.0,1.0,0x85EAC5Ac2F758618dFa09bDbe0cf174e7d574D5B,TRX,0xe9e7CEA3DedcA5984780Bafc599bD69ADd087D56,BUSD,20720675.582417708,1672857.142857143,0.17,137.19905664028718,0.013719905664028717,50077.655673704816,5.007765567370481,20516278.59249492,0.007476548239397,2.7289401073799064,74.76548239396999,27289.401073799065
55,57.0,0x59FaC9e98479fc9979aE2a0C7422Af50bCBB9B26,0.0,1.0,0x07663837218A003e66310a01596af4bf4e44623D,rUSD,0xe9e7CEA3DedcA5984780Bafc599bD69ADd087D56,BUSD,1586703.2191584243,21910.0,0.17,23.47454924613972,0.002347454924613972,8568.210474840998,0.8568210474840997,105741.06165162842,0.0,0.0,0.0,0.0
56,58.0,0x2bF2dEB40639201C9A94c9e33b4852D9AEa5fd2D,10.0,1.0,0xACB8f52DC63BB752a51186D1c55868ADbFfEe9C1,BP,0xbb4CdB9CBd36B01bD1cBaEBF2De08d9173bc095c,WBNB,1471492.7167229257,116891.42857142857,0.17,134.94557350827753,0.013494557350827755,49255.1343305213,4.925513433052131,865529.4713254614,0.0354444190917717,12.937212968496675,354.444190917717,129372.12968496674
57,59.0,0x74fA517715C4ec65EF01d55ad5335f90dce7CC87,50.0,1.0,0x477bC8d23c634C154061869478bce96BE6045D12,SFUND,0xbb4CdB9CBd36B01bD1cBaEBF2De08d9173bc095c,WBNB,11859815.64724844,131020.0,0.17,18.79094494262626,0.001879094494262626,6858.694904058585,0.6858694904058585,813800.7295693104,0.1884871087187102,68.79779468232923,1884.871087187102,687977.9468232922
58,60.0,0x0ecc84c9629317a494f12Bc56aA2522475bF32e8,0.0,1.0,0x1fC9004eC7E5722891f5f38baE7678efCB11d34D,NFT,0xbb4CdB9CBd36B01bD1cBaEBF2De08d9173bc095c,WBNB,1237817.5017017815,5408.571428571428,0.17,7.427820095971488,0.0007427820095971488,2711.154335029593,0.2711154335029593,1169789.5671935375,0.0,0.0,0.0,0.0
59,61.0,0x88a02D94F437799f06f8c256ff07Aa397E6D0016,10.0,1.0,0xbb4CdB9CBd36B01bD1cBaEBF2De08d9173bc095c,WBNB,0xBe1a001FE942f96Eea22bA08783140B9Dcc09D28,BETA,2173285.944719402,387142.8571428572,0.17,303.030270899975,0.030303027089997502,110606.04887849088,11.060604887849088,1580459.9150577371,0.019410925279189,7.084987726904017,194.10925279189,70849.87726904017
60,62.0,0x11c0b2BB4fbB430825d07507A9E24e4c32f7704D,10.0,1.0,0x77d547256A2cD95F32F67aE0313E450Ac200648d,LAZIO,0xbb4CdB9CBd36B01bD1cBaEBF2De08d9173bc095c,WBNB,1000000.0055717028,57544.28571428572,0.17,97.82571374065849,0.009782571374065848,35706.38551534035,3.5706385515340346,846931.1804349277,0.0362227652336344,13.221309310276569,362.227652336344,132213.09310276568
61,63.0,0x365c3F921b2915a480308D0b1C04aEF7B99c2876,0.0,1.0,0x7Ceb519718A80Dd78a8545AD8e7f401dE4f2faA7,DKT,0xbb4CdB9CBd36B01bD1cBaEBF2De08d9173bc095c,WBNB,1134645.8281382609,2920.0,0.17,4.375185270306918,0.00043751852703069184,1596.942623662025,0.15969426236620252,404773.4294476944,0.0,0.0,0.0,0.0
62,64.0,0x6dB23b5360c9D2859fDcbf41c56494e7b8573649,10.0,1.0,0x426c72701833fdDBdFc06c944737C6031645c708,FINA,0xe9e7CEA3DedcA5984780Bafc599bD69ADd087D56,BUSD,1678199.8381543867,167142.85714285713,0.17,168.5479502656949,0.016854795026569492,61520.001846978645,6.152000184697864,572753.7912049966,0.0535626123982462,19.550353525359863,535.626123982462,195503.53525359865
63,65.0,0x062f88E2B4896e823ac78Ac314468c29eEC4186d,50.0,1.0,0x23CE9e926048273eF83be0A3A8Ba9Cb6D45cd978,DAR,0xbb4CdB9CBd36B01bD1cBaEBF2De08d9173bc095c,WBNB,4431689.284959292,424285.7142857143,0.17,162.7886173963115,0.01627886173963115,59417.8453496537,5.94178453496537,3776717.912022372,0.0406148804763546,14.824431373869444,406.14880476354597,148244.31373869444
64,66.0,0x936928146a21AfCcd30DfA84824A780572B1630B,50.0,1.0,0x6b23C89196DeB721e6Fd9726E6C76E4810a464bc,XWG,0x8AC76a51cc950d9822D68b83fE1Ad97B32Cd580d,USDC,2082146.41872265,781428.5714285715,0.17,637.391705602063,0.0637391705602063,232647.97254475296,23.264797254475297,1474403.6386856495,0.1040359251462754,37.97311267839052,1040.359251462754,379731.1267839052
65,67.0,0x0A292e96ABb35297786a38fDD67Dc4f82689E670,10.0,1.0,0x49f2145d6366099e13B10FbF80646C0F377eE7f6,PORTO,0xbb4CdB9CBd36B01bD1cBaEBF2De08d9173bc095c,WBNB,1366297.7978413205,32431.42857142857,0.17,40.35200615119499,0.0040352006151195,14728.482245186175,1.4728482245186174,1219716.7916229498,0.0251518955290588,9.18044186810648,251.51895529058802,91804.4186810648
66,68.0,0xf924E642f05ACC57fc3b14990c2B1a137683b201,0.0,1.0,0x8729438EB15e2C8B576fCc6AeCdA6A148776C0F5,QI,0xbb4CdB9CBd36B01bD1cBaEBF2De08d9173bc095c,WBNB,1089969.306379028,8238.57142857143,0.17,12.849640997912573,0.0012849640997912573,4690.118964238089,0.4690118964238089,390633.2104566066,0.0,0.0,0.0,0.0
67,69.0,0x06043B346450BbCfdE066ebc39fdc264FdFFeD74,10.0,1.0,0xA64455a4553C9034236734FadDAddbb64aCE4Cc7,SANTOS,0xbb4CdB9CBd36B01bD1cBaEBF2De08d9173bc095c,WBNB,1739131.7675929596,165714.2857142857,0.17,162.64273249900467,0.016264273249900464,59364.5973621367,5.93645973621367,1382642.7411229454,0.0221880811329637,8.098649613531759,221.880811329637,80986.49613531759
68,70.0,0x71E6de81381eFE0Aa98f56b3B43eB3727D640715,10.0,1.0,0x0b15Ddf19D47E6a86A56148fb4aFFFc6929BcB89,IDIA,0xe9e7CEA3DedcA5984780Bafc599bD69ADd087D56,BUSD,4738874.810875718,99280.0,0.17,35.57203667515275,0.0035572036675152754,12983.793386430756,1.2983793386430755,2714821.0078957886,0.0113002622378104,4.124595716800812,113.00262237810401,41245.95716800811
69,71.0,0x486697ae24469cB1122F537924Aa46E705B142Aa,10.0,1.0,0x9fD87aEfe02441B123c3c32466cD9dB4c578618f,THG,0xbb4CdB9CBd36B01bD1cBaEBF2De08d9173bc095c,WBNB,1763920.563338188,79925.71428571429,0.17,77.02970787819723,0.0077029707878197235,28115.84337554199,2.811584337554199,785676.5407709726,0.039046843994903,14.25209805813962,390.46843994902997,142520.9805813962
70,72.0,0x141e9558f66Cc21c93628400cCa7d830c15c2c24,0.0,1.0,0xbb4CdB9CBd36B01bD1cBaEBF2De08d9173bc095c,WBNB,0xE69cAef10A488D7AF31Da46c89154d025546e990,DPT,1060591.514398361,335.7142857142857,0.17,0.5374359423602802,5.374359423602802e-05,196.16411896150228,0.019616411896150227,265629.61765763845,0.0,0.0,0.0,0.0
71,73.0,0xe98ac95A1dB2fCaaa9c7D4ba7ecfCE4877ca2bEa,10.0,1.0,0x5f4Bde007Dc06b867f86EBFE4802e34A1fFEEd63,HIGH,0xe9e7CEA3DedcA5984780Bafc599bD69ADd087D56,BUSD,2099012.621171257,113860.0,0.17,91.8799348378991,0.00918799348378991,33536.17621583317,3.353617621583317,1128892.7840166688,0.0271754676372227,9.9190456875863,271.754676372227,99190.456875863
72,74.0,0x2AE94A6C768D59f5DDc25bd7f12C7cBE1D51dc04,10.0,1.0,0x8b303d5BbfBbf46F1a4d9741E491e06986894e18,WOOP,0xbb4CdB9CBd36B01bD1cBaEBF2De08d9173bc095c,WBNB,11394217482.26042,83838.57142857143,0.17,0.012508725858449029,1.2508725858449028e-06,4.565684938333895,0.0004565684938333895,1591294114.027928,1.9278767543660286e-05,0.007036750153436,0.19278767543660286,70.36750153436
73,75.0,0x88c9bf5E334e2591C6A866D5E20683E31226Be3d,10.0,1.0,0x40C8225329Bd3e28A043B029E0D07a5344d2C27C,AOG,0xe9e7CEA3DedcA5984780Bafc599bD69ADd087D56,BUSD,1581286.2830389217,201428.57142857145,0.17,216.82167646344138,0.021682167646344137,79139.91190915609,7.91399119091561,791346.4658914737,0.0387670769255024,14.1499830778084,387.67076925502397,141499.830778084
74,76.0,0x2Eebe0C34da9ba65521E98CBaA7D97496d05f489,10.0,1.0,0x00e1656e45f18ec6747F5a8496Fd39B50b38396D,BCOIN,0xbb4CdB9CBd36B01bD1cBaEBF2De08d9173bc095c,WBNB,1464160.138308664,88302.85714285714,0.17,102.44781023288456,0.010244781023288456,37393.450735002865,3.7393450735002864,733319.9213029975,0.0418346596440866,15.269650770091609,418.346596440866,152696.5077009161
75,77.0,0xa0Ee789a8F581CB92dD9742ed0B5d54a0916976C,10.0,1.0,0x78F5d389F5CDCcFc41594aBaB4B0Ed02F31398b3,APX,0xe9e7CEA3DedcA5984780Bafc599bD69ADd087D56,BUSD,7646917.19289824,56794.28571428572,0.17,12.626189892718696,0.0012626189892718696,4608.559310842324,0.4608559310842324,862956.9341440764,0.0355500814746536,12.975779738248594,355.500814746536,129757.79738248594
76,78.0,0x1Ce76390Dd210B9C9ae28373FDf79714206ECb73,100.0,1.0,0xbb4CdB9CBd36B01bD1cBaEBF2De08d9173bc095c,WBNB,0xe369fec23380f9F14ffD07a1DC4b7c1a9fdD81c9,Froyo,2082767.9450419392,81878.57142857143,0.17,66.8313942730105,0.006683139427301051,24393.458909648834,2.4393458909648835,1920820.5244974417,0.1597139812214668,58.295603145835415,1597.139812214668,582956.0314583541
77,79.0,0x6483F166b9E4310A165a55FEa04F867499aded06,0.0,1.0,0x5857c96DaE9cF8511B08Cb07f85753C472D36Ea3,FUSE,0xbb4CdB9CBd36B01bD1cBaEBF2De08d9173bc095c,WBNB,805759628.1072195,24612.85714285714,0.17,0.05192970171656363,5.192970171656363e-06,18.954341126545724,0.0018954341126545724,327415541.308893,0.0,0.0,0.0,0.0
78,80.0,0x70531B39E2Bb4d8dA59E2Ce41a98eBA2990F8497,0.0,1.0,0x62823659d09F9F9D2222058878f89437425eB261,ERTHA,0xbb4CdB9CBd36B01bD1cBaEBF2De08d9173bc095c,WBNB,1151221.8048308694,29204.285714285717,0.17,43.12436932430057,0.004312436932430057,15740.394803369709,1.5740394803369708,704077.8416871415,0.0,0.0,0.0,0.0
79,81.0,0x8e744Ec2795c8B836689d1b4EBE1489204357dAC,50.0,1.0,0x12BB890508c125661E03b09EC06E404bc9289040,RACA,0xe9e7CEA3DedcA5984780Bafc599bD69ADd087D56,BUSD,7744184.26824543,1188571.4285714286,0.17,261.0253709635138,0.026102537096351384,95274.26040168255,9.527426040168255,1423276.0458751812,0.1077731526742412,39.33720072609806,1077.731526742412,393372.0072609806
80,82.0,0x28BDb16b623176426305a70D8B475bE73Aca71f3,0.0,1.0,0x55d398326f99059fF775485246999027B3197955,USDT,0xBc7d6B50616989655AfD682fb42743507003056D,ACH,1000000.0028858006,61217.142857142855,0.17,104.0685711282503,0.010406857112825029,37985.02846181136,3.7985028461811354,863500.1617713736,0.0,0.0,0.0,0.0
81,83.0,0xB7E73DaEe6A6Ca37A21f8E4bfba4DA448DFE4d92,50.0,1.0,0x352Cb5E19b12FC216548a2677bD0fce83BaE434B,BTT,0xe9e7CEA3DedcA5984780Bafc599bD69ADd087D56,BUSD,29170397.586989004,352857.14285714284,0.17,20.56879746704654,0.002056879746704654,7507.6110754719875,0.7507611075471987,29153538.9446098,0.0052614863286797,1.9204425099680984,52.614863286797,19204.425099680986
82,84.0,0x53a63ac301D6410915385294527f947aFf616599,100.0,1.0,0x6f9F0c4ad9Af7EbD61Ac5A1D4e0F2227F7B0E5f9,ERA,0xbb4CdB9CBd36B01bD1cBaEBF2De08d9173bc095c,WBNB,6484396.758594077,148571.42857142858,0.17,38.774396569016425,0.0038774396569016428,14152.654747690996,1.4152654747690996,6375251.576602981,0.0481207509214655,17.564074086334923,481.207509214655,175640.7408633492
83,85.0,0x007EC643C7Cc33a70C083fC305c283dd009C8b94,100.0,1.0,0x3019BF2a2eF8040C242C9a4c5c4BD4C81678b2A1,GMT,0x8AC76a51cc950d9822D68b83fE1Ad97B32Cd580d,USDC,10672778.025703872,10921428.57142857,0.17,1739.6729148143552,0.17396729148143553,634980.6139072397,63.49806139072397,9287879.31578285,0.0330303487748898,12.056077302834783,330.30348774889796,120560.77302834783
84,86.0,0xbDF0aA1D1985Caa357A6aC6661D838DA8691c569,50.0,1.0,0x0E09FaBB73Bd3Ade0a17ECC321fD13a19e81cE82,Cake,0x95EE03e1e2C5c4877f9A298F1C0D6c98698FAB7B,DUET,1778509.2308074022,0.0,0.17,1739.6729148143552,0.17396729148143553,634980.6139072397,63.49806139072397,1749919.969298207,0.0876559781480822,31.994432024050003,876.559781480822,319944.32024050003
85,87.0,0x8CA3fF14A52b080C54A6d1a405eecA02959d39fE,50.0,1.0,0x965F527D9159dCe6288a2219DB51fc6Eef120dD1,BSW,0xbb4CdB9CBd36B01bD1cBaEBF2De08d9173bc095c,WBNB,2354098.504072221,122538.57142857143,0.17,88.5992783269828,0.00885992783269828,32338.736589348722,3.2338736589348724,2304758.622187902,0.0665540178971464,24.292216532458465,665.540178971464,242922.16532458467
86,88.0,0x1CCc3cC95c8148477Afd18a552f03835Be9D182a,50.0,1.0,0x0E09FaBB73Bd3Ade0a17ECC321fD13a19e81cE82,Cake,0xe369fec23380f9F14ffD07a1DC4b7c1a9fdD81c9,Froyo,1655918.6814631152,0.0,0.17,88.5992783269828,0.00885992783269828,32338.736589348722,3.2338736589348724,1652152.421368433,0.0928430964393992,33.88773020038071,928.430964393992,338877.30200380704
87,89.0,0x58d4B61983Ca0aFE6E352e90719F403E24e016F4,10.0,1.0,0x93D8d25E3C9A847a5Da79F79ecaC89461FEcA846,GMI,0xbb4CdB9CBd36B01bD1cBaEBF2De08d9173bc095c,WBNB,1599216.396117377,165714.2857142857,0.17,175.97904330635404,0.017597904330635405,64232.35080681923,6.423235080681923,1073403.6799523565,0.0285802907991715,10.431806141697631,285.802907991715,104318.06141697633
88,90.0,0x5ca96E8bDe0Bc587DaC9e02422Fd205b1102DAa4,10.0,1.0,0x6a0b66710567b6beb81A71F7e9466450a91a384b,PEX,0xbb4CdB9CBd36B01bD1cBaEBF2De08d9173bc095c,WBNB,2318517.289686368,12972.857142857143,0.17,9.51223689915595,0.000951223689915595,3471.966468191921,0.34719664681919216,2292330.3605302484,0.01338297038078,4.884784188984734,133.8297038078,48847.84188984734
89,91.0,0x0d5b9A0f4315a4bcE36D1Ea7d6B6d3123167aFAa,50.0,1.0,0x05aD6E30A855BE07AfA57e08a4f30d00810a402e,TINC,0xbb4CdB9CBd36B01bD1cBaEBF2De08d9173bc095c,WBNB,4522824.897297258,317142.8571428572,0.17,119.39440775668595,0.011939440775668594,43578.958831190364,4.357895883119037,487721.8150047681,0.3145049941803335,114.79432287582172,3145.049941803335,1147943.2287582173
90,92.0,0x046A9B3A9b743340eE2Bc4C6dDD35543E237C6c2,50.0,1.0,0xbb4CdB9CBd36B01bD1cBaEBF2De08d9173bc095c,WBNB,0xe0F94Ac5462997D2BC57287Ac3a3aE4C31345D66,CEEK,2514378.307389033,225714.2857142857,0.17,152.83528065622002,0.015283528065622004,55784.877439520315,5.5784877439520315,2322471.543766368,0.0660464267049494,24.106945747306565,660.464267049494,241069.45747306562
91,93.0,0x008604A38cD589680F7B8f085DC2D5B4F81151dB,0.0,1.0,0xbb4CdB9CBd36B01bD1cBaEBF2De08d9173bc095c,WBNB,0xF5d8A096CcCb31b9D7bcE5afE812BE23e3D4690d,HAPPY,1146311.1356727814,1277.142857142857,0.17,1.8942750391708776,0.00018942750391708776,691.4103892973702,0.06914103892973703,91626.33335887636,0.0,0.0,0.0,0.0
92,94.0,0xee456d906a38e10680c9d157FFf143390e9681bA,100.0,1.0,0xe9e7CEA3DedcA5984780Bafc599bD69ADd087D56,BUSD,0xFa40d8FC324bcdD6Bbae0e086De886c571C225d4,WZRD,1307178.4298251292,205714.2857142857,0.17,266.659409777791,0.0266659409777791,97330.68456889372,9.733068456889372,968754.0689378408,0.3166767531781866,115.58701491003814,3166.767531781866,1155870.1491003812
93,95.0,0x272c2CF847A49215A3A1D4bFf8760E503A06f880,50.0,1.0,0xbb4CdB9CBd36B01bD1cBaEBF2De08d9173bc095c,WBNB,0xE85aFCcDaFBE7F2B096f268e31ccE3da8dA2990A,aBNBc,4493229.7221156135,10131.42857142857,0.17,3.8330684625552265,0.00038330684625552267,1399.0699888326576,0.13990699888326577,4461084.356495142,0.0343842291093119,12.550243624898853,343.84229109311906,125502.43624898852
94,96.0,0x92c3E2cddDb0CE886bCA864151BD4d611A86E563,100.0,1.0,0xe9e7CEA3DedcA5984780Bafc599bD69ADd087D56,BUSD,0xFeea0bDd3D07eb6FE305938878C0caDBFa169042,8PAY,1469240.318708815,126760.0,0.17,146.82028730593092,0.014682028730593093,53589.40486666479,5.358940486666479,759672.570622216,0.403834368967831,147.3995446732583,4038.3436896783096,1473995.446732583
95,97.0,0x55cdb14855220b239Cf857A03849D96736b9103f,50.0,1.0,0xc2098a8938119A52B1F7661893c0153A6CB116d5,RPG,0xe9e7CEA3DedcA5984780Bafc599bD69ADd087D56,BUSD,2581138.8535424327,207142.85714285716,0.17,136.15252466803958,0.013615252466803958,49695.67150383445,4.969567150383445,1496120.6576775084,0.102525786140679,37.42191194134785,1025.25786140679,374219.11941347853
96,98.0,0xbe6A4f74fdDc88853612C50D7404E059b37692D8,100.0,1.0,0xbb4CdB9CBd36B01bD1cBaEBF2De08d9173bc095c,WBNB,0xe4Cc45Bb5DBDA06dB6183E8bf016569f40497Aa5,GAL,4312602.576801655,661428.5714285715,0.17,260.6977328106861,0.02606977328106861,95154.67247590043,9.515467247590042,4291836.760364804,0.0714803265614688,26.090319194936125,714.803265614688,260903.19194936127
97,99.0,0xF01eD80d46759c0cf6A3e9c66856017d81284962,0.0,1.0,0x7324c7C0d95CEBC73eEa7E85CbAac0dBdf88a05b,XCN,0xbb4CdB9CBd36B01bD1cBaEBF2De08d9173bc095c,WBNB,546361248.7935209,13230.0,0.17,0.04116324144448859,4.116324144448859e-06,15.024583127238335,0.0015024583127238335,2286091.764459435,0.0,0.0,0.0,0.0
98,100.0,0x69AFe59e88614501c3fDEb7480f12DBA0A414032,50.0,1.0,0xbb4CdB9CBd36B01bD1cBaEBF2De08d9173bc095c,WBNB,0xe552Fb52a4F19e44ef5A967632DBc320B0820639,Metis,2353418.737729108,351428.5714285714,0.17,254.3412351467083,0.02543412351467083,92834.55082854854,9.283455082854854,1356684.1204294628,0.1130631252182268,41.268040704652805,1130.6312521822679,412680.407046528
99,101.0,0x7618fdAb208aE23690dadD3aa4a42a442313d24E,50.0,1.0,0x398f7827DcCbeFe6990478876bBF3612D93baF05,MIX,0xe9e7CEA3DedcA5984780Bafc599bD69ADd087D56,BUSD,1626394.0552350788,171428.57142857142,0.17,180.06530576921799,0.0180065305769218,65723.83660576456,6.572383660576456,1462172.1838723158,0.1049062130175847,38.29076775141845,1049.062130175847,382907.6775141845
