index,lpToken,allocPoint,isRegular,token0,token0_name,token1,token1_name,volume_24h,lp_reward_fee_24h,TVL,Farm_Liquidity,average_daily_liquidity_of_pool_in_$,average_daily_trading_volume_of_pool_in_$,exchange_fee%,1000000.0_daily_basic_earning_in_$,1000000.0_daily_basic_earning_in_BPS,5000000.0_daily_basic_earning_in_$,5000000.0_daily_basic_earning_in_BPS,10000000.0_daily_basic_earning_in_$,10000000.0_daily_basic_earning_in_BPS,total_liquidity_pool_size_in_$,1000000.0_daily_mining_reward_in_BPS,5000000.0_daily_mining_reward_in_BPS,10000000.0_daily_mining_reward_in_BPS,1000000.0_daily_mining_reward_in_$,5000000.0_daily_mining_reward_in_$,10000000.0_daily_mining_reward_in_$
2,0x0eD7e52944161450477ee417DE9Cd3a859b14fD0,4000,1,0x0E09FaBB73Bd3Ade0a17ECC321fD13a19e81cE82,Cake,0xbb4CdB9CBd36B01bD1cBaEBF2De08d9173bc095c,WBNB,4961428.571,8434.285714,130573658.5,120559163,130573658.5,4961428.571,0.17,64.10314809,0.641031481,311.0591618,0.622118324,599.9904823,0.599990482,120559163,7.695604505,7.450441848,7.165113662,769.5604505,3725.220924,7165.113662
3,0x58F876857a02D6762E0101bb5C46A8c1ED44Dc16,1100,1,0xbb4CdB9CBd36B01bD1cBaEBF2De08d9173bc095c,WBNB,0xe9e7CEA3DedcA5984780Bafc599bD69ADd087D56,BUSD,59472857.14,101105.7143,183143344,172345679.5,183143344,59472857.14,0.17,549.0598363,5.490598363,2686.933063,5.373866126,5234.750119,5.234750119,172345679.5,1.484055401,1.450582797,1.410807169,148.4055401,725.2913986,1410.807169
4,0x28415ff2C35b65B9E5c7de82126b4015ab9d031F,50,1,0x3EE2200Efb3400fAbB9AacF31297cBdD1d435D47,ADA,0xbb4CdB9CBd36B01bD1cBaEBF2De08d9173bc095c,WBNB,1562857.143,2657.142857,6539749.425,4876990.235,6539749.425,1562857.143,0.17,352.4179263,3.524179263,1151.300067,2.302600134,1606.519415,1.606519415,4876990.235,1.989690312,1.183902207,0.786005123,198.9690312,591.9511033,786.0051227
5,0xDd5bAd8f8b360d76d12FdA230F8BAF42fe0022CF,100,1,0x7083609fCE4d1d8Dc0C979AAb8c869Ea2C873402,DOT,0xbb4CdB9CBd36B01bD1cBaEBF2De08d9173bc095c,WBNB,1060000,1802.857143,8142662.019,7165455.789,8142662.019,1060000,0.17,197.1917084,1.971917084,685.879748,1.371759496,993.7114746,0.993711475,7165455.789,2.864112142,1.922392508,1.362432863,286.4112142,961.1962542,1362.432863
6,0x824eb9faDFb377394430d2744fa7C42916DE3eCe,50,1,0xbb4CdB9CBd36B01bD1cBaEBF2De08d9173bc095c,WBNB,0xF8A0BF9cF54Bb92F17374d9e9A321E6a111a51bD,LINK,1974285.714,3357.142857,7429382.73,6774315.434,7429382.73,1974285.714,0.17,398.2667491,3.982667491,1350.486557,2.700973113,1926.139846,1.926139846,6774315.434,1.504105491,0.993126998,0.697100909,150.4105491,496.5634988,697.1009089
7,0x7EFaEf62fDdCCa950418312c6C91Aef321375A00,250,1,0x55d398326f99059fF775485246999027B3197955,USDT,0xe9e7CEA3DedcA5984780Bafc599bD69ADd087D56,BUSD,11207142.86,19051.42857,273226052,248975258.2,273226052,11207142.86,0.17,69.47344512,0.694734451,342.3731968,0.684746394,672.6580567,0.672658057,248975258.2,0.233890958,0.230207277,0.225762697,23.38909582,115.1036386,225.7626967
8,0x3DcB1787a95D2ea0Eb7d00887704EeBF0D79bb13,10,1,0x4B0F1812e5Df2A09796481Ff14017e6005508003,TWT,0xbb4CdB9CBd36B01bD1cBaEBF2De08d9173bc095c,WBNB,421428.5714,715.7142857,1252874.407,960471.3569,1252874.407,421428.5714,0.17,317.6893854,3.176893854,572.3082211,1.144616442,636.0279692,0.636027969,960471.3569,1.192916234,0.392364625,0.213373862,119.2916234,196.1823123,213.3738624
9,0x7EB5D86FD78f3852a3e0e064f2842d45a3dB6EA2,50,1,0xbb4CdB9CBd36B01bD1cBaEBF2De08d9173bc095c,WBNB,0xcF6BB5389c92Bdda8a3747Ddb454cB7a64626C63,XVS,831428.5714,1412.857143,2667782.047,2270455.843,2667782.047,831428.5714,0.17,385.2074973,3.852074973,921.2945375,1.842589075,1115.315323,1.115315323,2270455.843,3.575461984,1.608343519,0.95297116,357.5461984,804.1717595,952.9711597
10,0x74E4716E431f45807DCF19f284c7aA99F18a4fbc,250,1,0x2170Ed0880ac9A755fd29B2688956BD959F933F8,ETH,0xbb4CdB9CBd36B01bD1cBaEBF2De08d9173bc095c,WBNB,8231428.571,13992.85714,45353988.84,41148259.46,45353988.84,8231428.571,0.17,301.8695368,3.018695368,1389.448727,2.778897455,2527.885964,2.527885964,41148259.46,1.387173597,1.266937331,1.143087825,138.7173597,633.4686655,1143.087825
11,0x61EB789d75A95CAa3fF50ed7E47b96c132fEc082,250,1,0x7130d2A12B9BCbFAe4f2634d864A1Ee1Ce3Ead9c,BTCB,0xbb4CdB9CBd36B01bD1cBaEBF2De08d9173bc095c,WBNB,4535714.286,7710,48616541.99,45307914.94,48616541.99,4535714.286,0.17,155.391724,1.55391724,718.9945224,1.437989045,1315.328359,1.315328359,45307914.94,1.26256932,1.162181989,1.057117281,126.256932,581.0909947,1057.117281
12,0xACF47CBEaab5c8A6Ee99263cfE43995f89fB3206,10,1,0xa1faa113cbE53436Df28FF0aEe54275c13B40975,ALPHA,0xbb4CdB9CBd36B01bD1cBaEBF2De08d9173bc095c,WBNB,94628.57143,161.4285714,798870094.2,642339467.4,798870094.2,94628.57143,0.17,0.201818486,0.002018185,1.004071258,0.002008143,1.99572926,0.001995729,642339467.4,0.003635216,0.003612754,0.003585063,0.363521628,1.806376889,3.585063029
13,0x16b9a82891338f9bA80E2D6970FddA79D1eb0daE,600,1,0x55d398326f99059fF775485246999027B3197955,USDT,0xbb4CdB9CBd36B01bD1cBaEBF2De08d9173bc095c,WBNB,54182857.14,92111.42857,494822.3273,476564.7819,494822.3273,54182857.14,0.17,61620.31894,616.2031894,83816.56684,167.6331337,87768.44972,87.76844972,476564.7819,95.0318524,25.62202622,13.39376879,9503.18524,12811.01311,13393.76879
14,0x03F18135c44C64ebFdCBad8297fe5bDafdBbdd86,50,1,0x1D2F0da169ceB9fC7B3144628dB156f3F6c60dBE,XRP,0xbb4CdB9CBd36B01bD1cBaEBF2De08d9173bc095c,WBNB,762857.1429,1295.714286,5756708.221,5527449.493,5756708.221,762857.1429,0.17,191.7670918,1.917670918,602.281971,1.204563942,822.3254931,0.822325493,5527449.493,1.791418003,1.110752471,0.753078639,179.1418003,555.3762354,753.0786392
15,0x014608E87AF97a054C9a49f81E1473076D51d9a3,50,1,0xbb4CdB9CBd36B01bD1cBaEBF2De08d9173bc095c,WBNB,0xBf5140A22578168FD562DCcF235E5D43A02ce9B1,UNI,310000,527.1428571,3466934.583,3241036.065,3466934.583,310000,0.17,118.0099792,1.180099792,311.2949864,0.622589973,391.4349282,0.391434928,3241036.065,2.75720139,1.418922383,0.88311749,275.720139,709.4611917,883.11749
16,0x1BdCebcA3b93af70b58C41272AEa2231754B23ca,10,1,0xa2B726B1145A4773F68593CF171187d8EBe4d495,INJ,0xbb4CdB9CBd36B01bD1cBaEBF2De08d9173bc095c,WBNB,165714.2857,281.4285714,85690257.21,70880608.33,85690257.21,165714.2857,0.17,3.24636909,0.032463691,15.5159209,0.031031842,29.41036837,0.029410368,70880608.33,0.032535591,0.030820498,0.028915189,3.253559147,15.4102488,28.91518938
17,0xD8E2F8b6Db204c405543953Ef6359912FE3A88d6,10,1,0x47BEAd2563dCBf3bF2c9407fEa4dC236fAbA485A,SXP,0xbb4CdB9CBd36B01bD1cBaEBF2De08d9173bc095c,WBNB,110702.8571,188.5714286,1148678.695,829191.5848,1148678.695,110702.8571,0.17,87.761576,0.87761576,153.3430497,0.306686099,169.1424013,0.169142401,829191.5848,1.278530979,0.401201105,0.215960544,127.8530979,200.6005527,215.9605441
18,0x133ee93FE93320e1182923E1a640912eDE17C90C,10,1,0x4BD17003473389A42DAF6a0a729f6Fdb328BbBd7,VAI,0xe9e7CEA3DedcA5984780Bafc599bD69ADd087D56,BUSD,550000,935.7142857,2935841.337,2063739.64,2935841.337,550000,0.17,237.7418716,2.377418716,589.5495172,1.179099034,723.3501566,0.723350157,2063739.64,0.763341009,0.33108215,0.193860128,76.33410086,165.541075,193.8601277
19,0x66FDB2eCCfB58cF098eaa419e5EfDe841368e489,10,1,0x1AF3F329e8BE154074D8769D1FFa4eE058B1DBc3,DAI,0xe9e7CEA3DedcA5984780Bafc599bD69ADd087D56,BUSD,251428.5714,427.1428571,11008826.47,8583325.839,11008826.47,251428.5714,0.17,35.56907565,0.355690757,133.4085475,0.266817095,203.3159052,0.203315905,8583325.839,0.244036167,0.172172716,0.1258482,24.40361672,86.08635818,125.8482
20,0x2354ef4DF11afacb85a5C7f98B624072ECcddbB1,100,1,0x8AC76a51cc950d9822D68b83fE1Ad97B32Cd580d,USDC,0xe9e7CEA3DedcA5984780Bafc599bD69ADd087D56,BUSD,3964285.714,6740,146634880.3,135742208.5,146634880.3,3964285.714,0.17,45.65316806,0.456531681,222.2443803,0.444488761,430.3000704,0.43030007,135742208.5,0.171028253,0.166167501,0.160466767,17.10282533,83.08375048,160.4667674
21,0x71b01eBdDD797c8E9E0b003ea2f4FD207fBF46cC,10,1,0x4338665CBB7B2485A8855A139b75D5e34AB0DB94,LTC,0xbb4CdB9CBd36B01bD1cBaEBF2De08d9173bc095c,WBNB,170000,288.5714286,1176886.168,1124173.194,1176886.168,170000,0.17,132.561561,1.32561561,233.5897253,0.467179451,258.1858885,0.258185888,1124173.194,1.100982779,0.381876546,0.210233881,110.0982779,190.938273,210.2338813
22,0xB2678C414ebC63c9CC6d1a0fC45f43E249B50fdE,10,1,0x78650B139471520656b9E7aA7A5e9276814a38e9,BTCST,0xbb4CdB9CBd36B01bD1cBaEBF2De08d9173bc095c,WBNB,132472.8571,225.7142857,680072.5911,595499.9192,680072.5911,132472.8571,0.17,134.3479365,1.343479365,198.6896136,0.397379227,211.3415277,0.211341528,595499.9192,1.465796443,0.417956955,0.220723715,146.5796443,208.9784774,220.7237152
23,0x05faf555522Fa3F93959F86B41A3808666093210,0,1,0x23396cF899Ca06c4472205fC903bDB4de249D6fC,UST,0xe9e7CEA3DedcA5984780Bafc599bD69ADd087D56,BUSD,288571.4286,490,230932.4255,157314.4116,230932.4255,288571.4286,0.17,398.0722173,3.980722173,468.3677403,0.936735481,478.9397287,0.478939729,157314.4116,0,0,0,0,0,0
24,0xC5768c5371568Cf1114cddD52CAeD163A42626Ed,10,1,0x762539b45A1dCcE3D36d080F74d1AED37844b878,LINA,0xe9e7CEA3DedcA5984780Bafc599bD69ADd087D56,BUSD,864285.7143,1470,2387845.474,2168674.623,2387845.474,864285.7143,0.17,433.9040878,4.339040878,994.8773328,1.989754666,1186.647027,1.186647027,2168674.623,0.73806193,0.326235773,0.1921884,73.80619298,163.1178865,192.1884001
25,0x942b294e59a8c47a0F7F20DF105B082710F7C305,50,1,0xbb4CdB9CBd36B01bD1cBaEBF2De08d9173bc095c,WBNB,0xD41FDb03Ba84762dD66a0af1a6C8540FF1ba5dfb,SFP,824285.7143,1401.428571,7233075.916,7054772.647,7233075.916,824285.7143,0.17,170.2193185,1.702193185,572.8030224,1.145606045,813.2202158,0.813220216,7054772.647,1.4517344,0.970021657,0.685637433,145.17344,485.0108284,685.6374328
26,0x16aFc4F2Ad82986bbE2a4525601F8199AB9c832D,10,1,0x2170Ed0880ac9A755fd29B2688956BD959F933F8,ETH,0x947950BcC74888a40Ffa2593C5798F11Fc9124C4,SUSHI,93917.14286,160,916437.043,786867.3987,916437.043,93917.14286,0.17,83.48826307,0.834882631,135.2165153,0.270433031,146.5679684,0.146567968,786867.3987,1.308814582,0.404135423,0.216807904,130.8814582,202.0677117,216.8079036
27,0xc13aA76AAc067c86aE38028019F414D731b3D86A,10,1,0x9678E42ceBEb63F23197D726B29b1CB20d0064E5,IOTX,0xe9e7CEA3DedcA5984780Bafc599bD69ADd087D56,BUSD,330000,561.4285714,1154350.711,1104418.363,1154350.711,330000,0.17,260.602217,2.60602217,456.1233165,0.912246633,503.3269851,0.503326985,1104418.363,1.111318048,0.383112357,0.210607889,111.1318048,191.5561785,210.6078887
28,0xE834bf723f5bDff34a5D1129F3c31Ea4787Bc76a,10,1,0x8519EA49c997f50cefFa444d240fB655e89248Aa,RAMP,0xe9e7CEA3DedcA5984780Bafc599bD69ADd087D56,BUSD,85274.28571,144.2857143,3773320.914,2235522.09,3773320.914,85274.28571,0.17,30.22753276,0.302275328,82.2298168,0.164459634,104.7573894,0.104757389,2235522.09,0.72281321,0.323221749,0.191138399,72.28132098,161.6108746,191.1383993
29,0xF3Bc6FC080ffCC30d93dF48BFA2aA14b869554bb,0,1,0xbb4CdB9CBd36B01bD1cBaEBF2De08d9173bc095c,WBNB,0xE0e514c71282b6f4e823703a39374Cf58dc3eA4f,BELT,19732.85714,33.54571429,4189032.975,12291.44395,4189032.975,19732.85714,0.17,6.464733304,0.064647333,18.25312543,0.036506251,23.64200178,0.023642002,12291.44395,0,0,0,0,0,0
30,0xcAD7019D6d84a3294b0494aEF02e73BD0f2572Eb,50,1,0xAC51066d7bEC65Dc4589368da368b212745d63E8,ALICE,0xbb4CdB9CBd36B01bD1cBaEBF2De08d9173bc095c,WBNB,270000,460,1660532.907,1369443.792,1660532.907,270000,0.17,172.8976923,1.728976923,345.3177144,0.690635429,394.4931194,0.394493119,1369443.792,4.935078254,1.835857402,1.028492752,493.5078254,917.9287011,1028.492752
31,0x3f1A9f3D9aaD8bD339eD4853F345d2eF89fbfE0c,10,1,0xbb4CdB9CBd36B01bD1cBaEBF2De08d9173bc095c,WBNB,0xCa3F508B8e4Dd382eE878A314789373D80A5190A,BIFI,358571.4286,608.5714286,921344.8221,897760.3344,921344.8221,358571.4286,0.17,316.7424304,3.167424304,513.8794031,1.027758806,557.2312188,0.557231219,897760.3344,1.232335856,0.396536647,0.21460172,123.2335856,198.2683234,214.6017195
32,0xFFd4B200d3C77A0B691B5562D804b3bd54294e6e,10,1,0x9f589e3eabe42ebC94A44727b3f3531C0c877809,TKO,0xbb4CdB9CBd36B01bD1cBaEBF2De08d9173bc095c,WBNB,58151.42857,98.85714286,968524.97,777639.9827,968524.97,58151.42857,0.17,50.21889199,0.50218892,82.81538852,0.165630777,90.12801915,0.090128019,777639.9827,1.315608408,0.404780864,0.216993526,131.5608408,202.3904322,216.9935265
33,0xddE420cbB3794ebD8FFC3Ac69F9c78e5d1411870,10,1,0xA7f552078dcC247C2684336020c03648500C6d9F,EPS,0xbb4CdB9CBd36B01bD1cBaEBF2De08d9173bc095c,WBNB,26465.71429,44.99142857,616896.1207,411471.0572,616896.1207,26465.71429,0.17,27.82580031,0.278258003,40.05008069,0.080100161,42.3771958,0.042377196,411471.0572,1.656908298,0.432170492,0.224625136,165.6908298,216.0852458,224.6251365
34,0xE6b421a4408c82381b226Ab5B6F8C4b639044359,10,1,0x2222227E22102Fe3322098e4CBfE18cFebD57c95,TLM,0xbb4CdB9CBd36B01bD1cBaEBF2De08d9173bc095c,WBNB,104571.4286,177.1428571,369890.3585,277482.5255,369890.3585,104571.4286,0.17,129.3117044,1.293117044,164.940851,0.329881702,170.8242334,0.170824233,277482.5255,1.830692836,0.443142748,0.227553596,183.0692836,221.5713738,227.553596
35,0x7752e1FA9F3a2e860856458517008558DEb989e3,100,1,0x8F0528cE5eF7B51152A59745bEfDD91D97091d2F,ALPACA,0xe9e7CEA3DedcA5984780Bafc599bD69ADd087D56,BUSD,1702857.143,2895.714286,4367161.536,4285747.529,4367161.536,1702857.143,0.17,539.5243401,5.395243401,1545.673294,3.091346588,2015.508964,2.015508964,4285747.529,4.424498321,2.518567406,1.637070865,442.4498321,1259.283703,1637.070865
36,0xF45cd219aEF8618A92BAa7aD848364a158a24F33,250,1,0x7130d2A12B9BCbFAe4f2634d864A1Ee1Ce3Ead9c,BTCB,0xe9e7CEA3DedcA5984780Bafc599bD69ADd087D56,BUSD,13598571.43,23117.14286,48546950.65,46550895.04,48546950.65,13598571.43,0.17,466.5704458,4.665704458,2158.586304,4.317172607,3948.4794,3.9484794,46550895.04,1.229565766,1.134159797,1.033882004,122.9565766,567.0798987,1033.882004
37,0xac109C8025F272414fd9e2faA805a583708A017f,50,1,0xbA2aE424d960c26247Dd6c32edC70B295c744C43,DOGE,0xbb4CdB9CBd36B01bD1cBaEBF2De08d9173bc095c,WBNB,501428.5714,852.8571429,3770868.057,3408168.685,3770868.057,501428.5714,0.17,178.7635149,1.787635149,486.1874203,0.972374841,619.3198129,0.619319813,3408168.685,2.652664036,1.390717881,0.872109444,265.2664036,695.3589403,872.1094438
38,0xF23BAD605E94dE0e3B60c9718a43A94A5aF43915,10,1,0x4FA7163E153419E0E1064e418dd7A99314Ed27b6,HOTCROSS,0xbb4CdB9CBd36B01bD1cBaEBF2De08d9173bc095c,WBNB,66274.28571,112.6671429,2551750.817,1510631.177,2551750.817,66274.28571,0.17,31.72157864,0.317215786,74.59670319,0.149193406,89.76209335,0.089762093,1510631.177,0.931510023,0.359209122,0.203175488,93.15100235,179.6045608,203.175488
39,0x804678fa97d91B974ec2af3c843270886528a9E6,250,1,0x0E09FaBB73Bd3Ade0a17ECC321fD13a19e81cE82,Cake,0xe9e7CEA3DedcA5984780Bafc599bD69ADd087D56,BUSD,2825714.286,4804.285714,11543349.8,10637345.81,11543349.8,2825714.286,0.17,383.0145686,3.830145686,1452.029296,2.904058592,2230.055102,2.230055102,10637345.81,5.024079686,3.738930723,2.833065512,502.4079686,1869.465362,2833.065512
40,0x6045931E511EF7e53A4A817F971e0CA28c758809,50,1,0xe9e7CEA3DedcA5984780Bafc599bD69ADd087D56,BUSD,0xf9CeC8d50f6c8ad3Fb6dcCEC577e05aA32B224FE,CHR,792857.1429,1348.571429,2346780.098,1852426.708,2346780.098,792857.1429,0.17,402.9459328,4.029459328,917.7976001,1.8355952,1092.245442,1.092245442,1852426.708,4.099453459,1.706459774,0.986581974,409.9453459,853.2298872,986.5819737
41,0x2E28b9B74D6d99D4697e913b82B41ef1CAC51c6C,50,1,0x14016E85a25aeb13065688cAFB43044C2ef86784,TUSD,0xe9e7CEA3DedcA5984780Bafc599bD69ADd087D56,BUSD,545714.2857,928.5714286,37997844.5,33930384.86,37997844.5,545714.2857,0.17,23.81083982,0.238108398,107.9788347,0.215957669,193.4610686,0.193461069,33930384.86,0.334762717,0.300366682,0.266180016,33.47627168,150.1833411,266.1800158
42,0x8FA59693458289914dB0097F5F366d771B7a7C3F,100,1,0x3203c9E46cA618C8C1cE5dC67e7e9D75f5da2377,MBOX,0xbb4CdB9CBd36B01bD1cBaEBF2De08d9173bc095c,WBNB,3105714.286,5278.571429,23370858.77,23200885.43,23370858.77,3105714.286,0.17,216.593575,2.16593575,930.2805161,1.860561032,1581.790707,1.581790707,23200885.43,0.966360555,0.829292439,0.704402331,96.63605549,414.6462197,704.4023305
43,0xD171B26E4484402de70e3Ea256bE5A2630d7e88D,100,1,0x2170Ed0880ac9A755fd29B2688956BD959F933F8,ETH,0x7130d2A12B9BCbFAe4f2634d864A1Ee1Ce3Ead9c,BTCB,2401428.571,4082.857143,27188349.68,23661438.3,27188349.68,2401428.571,0.17,144.842007,1.44842007,634.2134938,1.268426988,1097.886079,1.097886079,23661438.3,0.948313751,0.815966764,0.694764759,94.83137515,407.9833822,694.7647591
44,0xEa26B78255Df2bBC31C1eBf60010D78670185bD0,100,1,0x2170Ed0880ac9A755fd29B2688956BD959F933F8,ETH,0x8AC76a51cc950d9822D68b83fE1Ad97B32Cd580d,USDC,4357142.857,7408.571429,14011565.16,13253676.1,14011565.16,4357142.857,0.17,493.5242493,4.935242493,1948.43806,3.89687612,3085.417955,3.085417955,13253676.1,1.64075435,1.281209381,1.00572404,164.075435,640.6046907,1005.72404
45,0x89eE0491CE55d2f7472A97602a95426216167189,10,1,0x4691937a7508860F876c9c0a2a617E7d9E945D4B,WOO,0xbb4CdB9CBd36B01bD1cBaEBF2De08d9173bc095c,WBNB,251428.5714,427.1428571,32535.4494,30433.20801,32535.4494,251428.5714,0.17,413.6834792,4.136834792,424.3813694,0.848762739,425.7576355,0.425757636,30433.20801,2.269606694,0.464905906,0.233158235,226.9606694,232.4529529,233.1582354
46,0xba01662E978DE7d67F8FfC937726215eb8995d17,10,1,0x5A3010d4d8D3B5fB49f8B6E57FB9E48063f16700,BSCPAD,0xbb4CdB9CBd36B01bD1cBaEBF2De08d9173bc095c,WBNB,300000,508.5714286,1421173471,183107501.2,1421173471,300000,0.17,0.357601544,0.003576015,1.782992879,0.003565986,3.5535275,0.003553527,183107501.2,0.012702786,0.012432668,0.012110757,1.270278555,6.216333988,12.11075744
47,0xA39Af17CE4a8eb807E076805Da1e2B8EA7D0755b,200,1,0x0E09FaBB73Bd3Ade0a17ECC321fD13a19e81cE82,Cake,0x55d398326f99059fF775485246999027B3197955,USDT,1830000,3111.428571,7436239.649,6940063.969,7436239.649,1830000,0.17,368.8169968,3.688169968,1250.952321,2.501904643,1784.460775,1.784460775,6940063.969,5.890829384,3.917362776,2.76112075,589.0829384,1958.681388,2761.12075
48,0xEc6557348085Aa57C72514D67070dC863C0a5A8c,100,1,0x55d398326f99059fF775485246999027B3197955,USDT,0x8AC76a51cc950d9822D68b83fE1Ad97B32Cd580d,USDC,4195714.286,7132.857143,117423543.2,106825522.1,117423543.2,4195714.286,0.17,60.23174909,0.602317491,291.3188491,0.582637698,559.7754514,0.559775451,106825522.1,0.21689467,0.209136346,0.200185547,21.68946703,104.5681729,200.1855472
49,0x89EBF9cD99864f6E51bd7a578965922029cAB977,0,1,0x758FB037A375F17c7e195CC634D77dA4F554255B,DVI,0xbb4CdB9CBd36B01bD1cBaEBF2De08d9173bc095c,WBNB,18197.14286,30.93571429,1625114.246,121774.4688,1625114.246,18197.14286,0.17,11.78452112,0.117845211,23.34730628,0.046694613,26.6111056,0.026611106,121774.4688,0,0,0,0,0,0
50,0x9D2296e2Fe3CdBf2EB3e3e2CA8811BaFA42eeDFF,10,1,0x03fF0ff224f904be3118461335064bB48Df47938,ONE,0xbb4CdB9CBd36B01bD1cBaEBF2De08d9173bc095c,WBNB,129745.7143,220,745301.518,492740.3004,745301.518,129745.7143,0.17,126.052718,1.26052718,191.4607957,0.382921591,204.7406484,0.204740648,492740.3004,1.566701258,0.425776203,0.222885351,156.6701258,212.8881013,222.8853512
51,0x1472976E0B97F5B2fC93f1FFF14e2b5C4447b64F,10,1,0x20de22029ab63cf9A7Cf5fEB2b737Ca1eE4c82A6,CHESS,0x8AC76a51cc950d9822D68b83fE1Ad97B32Cd580d,USDC,334285.7143,567.1428571,1031219.68,904403.1673,1031219.68,334285.7143,0.17,279.212959,2.79212959,470.1726079,0.940345216,514.1252496,0.51412525,904403.1673,1.228037291,0.396090518,0.214470987,122.8037291,198.0452588,214.4709867
52,0xC2d00De94795e60FB76Bc37d899170996cBdA436,50,1,0x715D400F88C167884bbCc41C5FeA407ed4D2f8A0,AXS,0xbb4CdB9CBd36B01bD1cBaEBF2De08d9173bc095c,WBNB,200000,338.5714286,2210921.58,2083476.894,2210921.58,200000,0.17,105.4436928,1.054436928,234.762939,0.469525878,277.2693497,0.27726935,2083476.894,3.792274415,1.650798147,0.967717374,379.2274415,825.3990737,967.7173745
53,0x92247860A03F48d5c6425c7CA35CDcFCB1013AA1,50,1,0xaEC945e04baF28b135Fa7c640f624f8D90F1C3a6,C98,0xbb4CdB9CBd36B01bD1cBaEBF2De08d9173bc095c,WBNB,564285.7143,958.5714286,1868434.372,1141920.566,1868434.372,564285.7143,0.17,334.1793133,3.341793133,697.8092653,1.395618531,807.6645988,0.807664599,1141920.566,5.459301676,1.903865478,1.049495055,545.9301676,951.9327391,1049.495055
54,0xFdFde3aF740A22648B9dD66D05698e5095940850,10,1,0x1633b7157e7638C4d6593436111Bf125Ee74703F,SPS,0xbb4CdB9CBd36B01bD1cBaEBF2De08d9173bc095c,WBNB,200000,341.4285714,2137398.784,302132.6716,2137398.784,200000,0.17,108.8253662,1.088253662,239.1827764,0.478365553,281.3029196,0.28130292,302132.6716,1.796036731,0.441082533,0.227009123,179.6036731,220.5412663,227.0091234
55,0x6a445cEB72c8B1751755386c3990055ff92e14A0,10,1,0xaeF0d72a118ce24feE3cD1d43d383897D05B4e99,WIN,0xe9e7CEA3DedcA5984780Bafc599bD69ADd087D56,BUSD,254285.7143,432.8571429,3391408.326,3332308.041,3391408.326,254285.7143,0.17,98.56909464,0.985690946,257.9168633,0.515833727,323.234967,0.323234967,3332308.041,0.539822673,0.280675906,0.175414347,53.9822673,140.3379529,175.4143468
56,0xb5D108578Be3750209d1b3A8f45FFee8C5a75146,50,1,0x85EAC5Ac2F758618dFa09bDbe0cf174e7d574D5B,TRX,0xe9e7CEA3DedcA5984780Bafc599bD69ADd087D56,BUSD,2305714.286,3918.571429,17423628.22,17262267.43,17423628.22,2305714.286,0.17,212.6927108,2.126927108,873.7594537,1.747518907,1428.903352,1.428903352,17262267.43,0.640303324,0.525256045,0.428922156,64.03033239,262.6280224,428.9221565
57,0x59FaC9e98479fc9979aE2a0C7422Af50bCBB9B26,0,1,0x07663837218A003e66310a01596af4bf4e44623D,rUSD,0xe9e7CEA3DedcA5984780Bafc599bD69ADd087D56,BUSD,12907.14286,21.94142857,366312.639,37335.83853,366312.639,12907.14286,0.17,16.0588638,0.160588638,20.44367338,0.040887347,21.16608802,0.021166088,37335.83853,0,0,0,0,0,0
58,0x2bF2dEB40639201C9A94c9e33b4852D9AEa5fd2D,10,1,0xACB8f52DC63BB752a51186D1c55868ADbFfEe9C1,BP,0xbb4CdB9CBd36B01bD1cBaEBF2De08d9173bc095c,WBNB,24595.71429,41.81285714,360845.068,218864.1904,360845.068,24595.71429,0.17,30.72565579,0.307256558,38.99838236,0.077996765,40.35660882,0.040356609,218864.1904,1.918735594,0.448120131,0.228858909,191.8735594,224.0600657,228.8589087
59,0x74fA517715C4ec65EF01d55ad5335f90dce7CC87,10,1,0x477bC8d23c634C154061869478bce96BE6045D12,SFUND,0xbb4CdB9CBd36B01bD1cBaEBF2De08d9173bc095c,WBNB,191428.5714,325.7142857,7786868.967,369646.6363,7786868.967,191428.5714,0.17,37.06829895,0.37068299,127.3627995,0.254725599,183.1206416,0.183120642,369646.6363,1.707504728,0.435536687,0.225531128,170.7504728,217.7683436,225.5311284
60,0x0ecc84c9629317a494f12Bc56aA2522475bF32e8,0,1,0x1fC9004eC7E5722891f5f38baE7678efCB11d34D,NFT,0xbb4CdB9CBd36B01bD1cBaEBF2De08d9173bc095c,WBNB,16815.71429,28.58714286,188122.963,177797.489,188122.963,16815.71429,0.17,24.06076117,0.240607612,27.55056411,0.055101128,28.05928331,0.028059283,177797.489,0,0,0,0,0,0
61,0x88a02D94F437799f06f8c256ff07Aa397E6D0016,10,1,0xbb4CdB9CBd36B01bD1cBaEBF2De08d9173bc095c,WBNB,0xBe1a001FE942f96Eea22bA08783140B9Dcc09D28,BETA,430000,731.4285714,920299.5254,679415.7295,920299.5254,430000,0.17,380.8929606,3.808929606,617.7293634,1.235458727,669.7880124,0.669788012,679415.7295,1.392554604,0.411781461,0.218989331,139.2554604,205.8907305,218.9893311
62,0x11c0b2BB4fbB430825d07507A9E24e4c32f7704D,10,1,0x77d547256A2cD95F32F67aE0313E450Ac200648d,LAZIO,0xbb4CdB9CBd36B01bD1cBaEBF2De08d9173bc095c,WBNB,69645.71429,118.3985714,0.003937766,0.003349741,0.003937766,69645.71429,0.17,118.398571,1.18398571,118.3985713,0.236797143,118.3985714,0.118398571,0.003349741,2.338678099,0.467735621,0.233867811,233.8678099,233.8678105,233.8678106
63,0x365c3F921b2915a480308D0b1C04aEF7B99c2876,0,1,0x7Ceb519718A80Dd78a8545AD8e7f401dE4f2faA7,DKT,0xbb4CdB9CBd36B01bD1cBaEBF2De08d9173bc095c,WBNB,1137.142857,1.934285714,136988.3059,48125.6565,136988.3059,1137.142857,0.17,1.701236243,0.017012362,1.882704027,0.003765408,1.908146341,0.001908146,48125.6565,0,0,0,0,0,0
64,0x6dB23b5360c9D2859fDcbf41c56494e7b8573649,10,1,0x426c72701833fdDBdFc06c944737C6031645c708,FINA,0xe9e7CEA3DedcA5984780Bafc599bD69ADd087D56,BUSD,0,0,679405.3829,202541.4231,679405.3829,0,0.17,1.701236243,0.017012362,1.882704027,0.003765408,1.908146341,0.001908146,202541.4231,1.944779666,0.449526091,0.229225054,194.4779666,224.7630453,229.2250538
65,0x062f88E2B4896e823ac78Ac314468c29eEC4186d,50,1,0x23CE9e926048273eF83be0A3A8Ba9Cb6D45cd978,DAR,0xbb4CdB9CBd36B01bD1cBaEBF2De08d9173bc095c,WBNB,425714.2857,724.2857143,1708578.682,1382660.276,1708578.682,425714.2857,0.17,267.4043472,2.674043472,539.8205407,1.079641081,618.5940531,0.618594053,1382660.276,4.90770365,1.832055918,1.027298562,490.770365,916.0279592,1027.298562
66,0x936928146a21AfCcd30DfA84824A780572B1630B,50,1,0x6b23C89196DeB721e6Fd9726E6C76E4810a464bc,XWG,0x8AC76a51cc950d9822D68b83fE1Ad97B32Cd580d,USDC,202857.1429,344.2857143,1016178.017,718309.1405,1016178.017,202857.1429,0.17,170.7615654,1.707615654,286.1332505,0.572266501,312.52737,0.31252737,718309.1405,6.805172747,2.044903528,1.090973434,680.5172747,1022.451764,1090.973434
67,0x0A292e96ABb35297786a38fDD67Dc4f82689E670,10,1,0x49f2145d6366099e13B10FbF80646C0F377eE7f6,PORTO,0xbb4CdB9CBd36B01bD1cBaEBF2De08d9173bc095c,WBNB,50904.28571,86.53714286,357247.9113,320170.6921,357247.9113,50904.28571,0.17,63.75927503,0.63759275,80.76641616,0.161532832,83.55225596,0.083552256,320170.6921,1.771496762,0.439587044,0.226612347,177.1496762,219.7935219,226.6123475
68,0xf924E642f05ACC57fc3b14990c2B1a137683b201,0,1,0x8729438EB15e2C8B576fCc6AeCdA6A148776C0F5,QI,0xbb4CdB9CBd36B01bD1cBaEBF2De08d9173bc095c,WBNB,61208.57143,104.0542857,69501.51656,26955.59245,69501.51656,61208.57143,0.17,97.2923218,0.972923218,102.6277292,0.205255458,103.3360843,0.103336084,26955.59245,0,0,0,0,0,0
69,0x06043B346450BbCfdE066ebc39fdc264FdFFeD74,10,1,0xA64455a4553C9034236734FadDAddbb64aCE4Cc7,SANTOS,0xbb4CdB9CBd36B01bD1cBaEBF2De08d9173bc095c,WBNB,125495.7143,212.8571429,547431.6967,435390.0146,547431.6967,125495.7143,0.17,137.5551136,1.375551136,191.8519727,0.383703945,201.8094537,0.201809454,435390.0146,1.629298019,0.430268684,0.224110273,162.9298019,215.1343418,224.1102732
70,0x71E6de81381eFE0Aa98f56b3B43eB3727D640715,10,1,0x0b15Ddf19D47E6a86A56148fb4aFFFc6929BcB89,IDIA,0xe9e7CEA3DedcA5984780Bafc599bD69ADd087D56,BUSD,221428.5714,377.1428571,3681127.044,1936922.022,3681127.044,221428.5714,0.17,80.56667841,0.805666784,217.2199849,0.43443997,275.6665119,0.275666512,1936922.022,0.796302418,0.337134842,0.195919694,79.63024177,168.5674208,195.9196938
71,0x486697ae24469cB1122F537924Aa46E705B142Aa,10,1,0x9fD87aEfe02441B123c3c32466cD9dB4c578618f,THG,0xbb4CdB9CBd36B01bD1cBaEBF2De08d9173bc095c,WBNB,102648.5714,174.2857143,534273.7794,245058.1836,534273.7794,102648.5714,0.17,113.5949246,1.135949246,157.4603292,0.314920658,165.4463496,0.16544635,245058.1836,1.878368527,0.445882205,0.228273775,187.8368527,222.9411024,228.273775
72,0x141e9558f66Cc21c93628400cCa7d830c15c2c24,0,1,0xbb4CdB9CBd36B01bD1cBaEBF2De08d9173bc095c,WBNB,0xE69cAef10A488D7AF31Da46c89154d025546e990,DPT,1332.857143,2.265714286,38967.70334,9572.235897,38967.70334,1332.857143,0.17,2.180736012,0.02180736,2.248192903,0.004496386,2.256919588,0.00225692,9572.235897,0,0,0,0,0,0
73,0xe98ac95A1dB2fCaaa9c7D4ba7ecfCE4877ca2bEa,10,1,0x5f4Bde007Dc06b867f86EBFE4802e34A1fFEEd63,HIGH,0xe9e7CEA3DedcA5984780Bafc599bD69ADd087D56,BUSD,215714.2857,365.7142857,1177274.344,572510.2253,1177274.344,215714.2857,0.17,167.9688583,1.679688583,296.0159007,0.592031801,327.1945149,0.327194515,572510.2253,1.487226009,0.419681259,0.221203674,148.7226009,209.8406295,221.2036742
74,0x2AE94A6C768D59f5DDc25bd7f12C7cBE1D51dc04,10,1,0x8b303d5BbfBbf46F1a4d9741E491e06986894e18,WOOP,0xbb4CdB9CBd36B01bD1cBaEBF2De08d9173bc095c,WBNB,113821.4286,192.8571429,9405429867,1087348156,9405429867,113821.4286,0.17,0.020502693,0.000205027,0.10246989,0.00020494,0.204830948,0.000204831,1087348156,0.002148833,0.002140964,0.002131209,0.21488327,1.070482014,2.131208856
75,0x88c9bf5E334e2591C6A866D5E20683E31226Be3d,10,1,0x40C8225329Bd3e28A043B029E0D07a5344d2C27C,AOG,0xe9e7CEA3DedcA5984780Bafc599bD69ADd087D56,BUSD,248571.4286,422.8571429,466318.1284,231895.5563,466318.1284,248571.4286,0.17,288.3802189,2.883802189,386.7842421,0.773568484,404.0170934,0.404017093,231895.5563,1.898438626,0.447003974,0.228567433,189.8438626,223.5019872,228.5674335
76,0x2Eebe0C34da9ba65521E98CBaA7D97496d05f489,10,1,0x00e1656e45f18ec6747F5a8496Fd39B50b38396D,BCOIN,0xbb4CdB9CBd36B01bD1cBaEBF2De08d9173bc095c,WBNB,75720,128.7228571,361335.4107,180760.2929,361335.4107,75720,0.17,94.55631296,0.94556313,120.0473831,0.240094766,124.2338483,0.124233848,180760.2929,1.980654432,0.451416004,0.229715467,198.0654432,225.7080018,229.7154672
77,0xa0Ee789a8F581CB92dD9742ed0B5d54a0916976C,10,1,0x78F5d389F5CDCcFc41594aBaB4B0Ed02F31398b3,APX,0xe9e7CEA3DedcA5984780Bafc599bD69ADd087D56,BUSD,1514285.714,2574.285714,5497348.902,553790.9616,5497348.902,1514285.714,0.17,396.205553,3.96205553,1226.159928,2.452319856,1661.113608,1.661113608,553790.9616,1.505143333,0.421095811,0.221596023,150.5143333,210.5479053,221.5960232
78,0x1Ce76390Dd210B9C9ae28373FDf79714206ECb73,100,1,0xbb4CdB9CBd36B01bD1cBaEBF2De08d9173bc095c,WBNB,0xe369fec23380f9F14ffD07a1DC4b7c1a9fdD81c9,Froyo,55324.28571,94.05142857,911058.9522,887800.1382,911058.9522,55324.28571,0.17,49.21429999,0.492143,79.55548179,0.159110964,86.19825902,0.086198259,887800.1382,12.38837767,3.972074547,2.147980379,1238.837767,1986.037274,2147.980379
79,0x6483F166b9E4310A165a55FEa04F867499aded06,0,1,0x5857c96DaE9cF8511B08Cb07f85753C472D36Ea3,FUSE,0xbb4CdB9CBd36B01bD1cBaEBF2De08d9173bc095c,WBNB,27531.42857,46.80285714,602105559.1,239197325.4,602105559.1,27531.42857,0.17,0.077603094,0.000776031,0.385458974,0.000770918,0.764620684,0.000764621,239197325.4,0,0,0,0,0,0
80,0x70531B39E2Bb4d8dA59E2Ce41a98eBA2990F8497,0,1,0x62823659d09F9F9D2222058878f89437425eB261,ERTHA,0xbb4CdB9CBd36B01bD1cBaEBF2De08d9173bc095c,WBNB,84207.14286,142.8571429,109898.5156,63253.96823,109898.5156,84207.14286,0.17,128.7118965,1.287118965,139.7847163,0.279569433,141.3042303,0.14130423,63253.96823,0,0,0,0,0,0
81,0x8e744Ec2795c8B836689d1b4EBE1489204357dAC,50,1,0x12BB890508c125661E03b09EC06E404bc9289040,RACA,0xe9e7CEA3DedcA5984780Bafc599bD69ADd087D56,BUSD,1132857.143,1924.285714,5445109.729,785563.8279,5445109.729,1132857.143,0.17,298.5652371,2.985652371,921.1419335,1.842283867,1245.886723,1.245886723,785563.8279,6.548850482,2.021132405,1.084170538,654.8850482,1010.566203,1084.170538
82,0x28BDb16b623176426305a70D8B475bE73Aca71f3,0,1,0x55d398326f99059fF775485246999027B3197955,USDT,0xBc7d6B50616989655AfD682fb42743507003056D,ACH,117495.7143,200,0.003240758,0.002797369,0.003240758,117495.7143,0.17,199.9999994,1.999999994,199.9999999,0.4,199.9999999,0.2,0.002797369,0,0,0,0,0,0
83,0xB7E73DaEe6A6Ca37A21f8E4bfba4DA448DFE4d92,50,1,0x352Cb5E19b12FC216548a2677bD0fce83BaE434B,BTT,0xe9e7CEA3DedcA5984780Bafc599bD69ADd087D56,BUSD,775714.2857,1320,24140345.4,24124093.17,24140345.4,775714.2857,0.17,52.50524521,0.525052452,226.4901088,0.452980218,386.639322,0.386639322,24124093.17,0.465425377,0.401502305,0.342672565,46.5425377,200.7511524,342.672565
84,0x53a63ac301D6410915385294527f947aFf616599,100,1,0x6f9F0c4ad9Af7EbD61Ac5A1D4e0F2227F7B0E5f9,ERA,0xbb4CdB9CBd36B01bD1cBaEBF2De08d9173bc095c,WBNB,114807.1429,195.7142857,3701593.001,3640858.916,3701593.001,114807.1429,0.17,41.6272284,0.416272284,112.4588829,0.224917766,142.8405337,0.142840534,3640858.916,5.039321706,2.706534304,1.714465432,503.9321706,1353.267152,1714.465432
85,0x007EC643C7Cc33a70C083fC305c283dd009C8b94,100,1,0x3019BF2a2eF8040C242C9a4c5c4BD4C81678b2A1,GMT,0x8AC76a51cc950d9822D68b83fE1Ad97B32Cd580d,USDC,4754285.714,8082.857143,7209721.609,6269559.814,7209721.609,4754285.714,0.17,984.5470441,9.845470441,3310.008779,6.620017558,4696.680938,4.696680938,6269559.814,3.217083519,2.075216908,1.437456289,321.7083519,1037.608454,1437.456289
86,0xbDF0aA1D1985Caa357A6aC6661D838DA8691c569,50,1,0x0E09FaBB73Bd3Ade0a17ECC321fD13a19e81cE82,Cake,0x95EE03e1e2C5c4877f9A298F1C0D6c98698FAB7B,DUET,0,0,539801.6663,532690.2,539801.6663,0,0.17,984.5470441,9.845470441,3310.008779,6.620017558,4696.680938,4.696680938,532690.2,7.629324266,2.113509001,1.110199798,762.9324266,1056.7545,1110.199798
87,0x8CA3fF14A52b080C54A6d1a405eecA02959d39fE,10,1,0x965F527D9159dCe6288a2219DB51fc6Eef120dD1,BSW,0xbb4CdB9CBd36B01bD1cBaEBF2De08d9173bc095c,WBNB,91188.57143,155.7142857,575923.5939,560345.0392,575923.5939,91188.57143,0.17,98.80827111,0.988082711,139.6309357,0.279261871,147.2346924,0.147234692,560345.0392,1.498821125,0.420599457,0.221458494,149.8821125,210.2997287,221.4584939
88,0x1CCc3cC95c8148477Afd18a552f03835Be9D182a,50,1,0x0E09FaBB73Bd3Ade0a17ECC321fD13a19e81cE82,Cake,0xe369fec23380f9F14ffD07a1DC4b7c1a9fdD81c9,Froyo,0,0,737482.0663,735426.7085,737482.0663,0,0.17,98.80827111,0.988082711,139.6309357,0.279261871,147.2346924,0.147234692,735426.7085,6.738049194,2.038800447,1.089233884,673.8049194,1019.400223,1089.233884
89,0x58d4B61983Ca0aFE6E352e90719F403E24e016F4,10,1,0x93D8d25E3C9A847a5Da79F79ecaC89461FEcA846,GMI,0xbb4CdB9CBd36B01bD1cBaEBF2De08d9173bc095c,WBNB,115620,197.1428571,221447.9427,142195.5448,221447.9427,115620,0.17,161.400949,1.61400949,188.7817894,0.377563579,192.8717519,0.192871752,142195.5448,2.047528654,0.454801473,0.230588939,204.7528654,227.4007364,230.5889387
90,0x5ca96E8bDe0Bc587DaC9e02422Fd205b1102DAa4,10,1,0x6a0b66710567b6beb81A71F7e9466450a91a384b,PEX,0xbb4CdB9CBd36B01bD1cBaEBF2De08d9173bc095c,WBNB,25468.57143,43.29714286,1304715.617,1289139.767,1304715.617,25468.57143,0.17,18.78632771,0.187863277,34.3371101,0.06867422,38.30007258,0.038300073,1289139.767,1.021640592,0.371859776,0.207161764,102.1640592,185.9298882,207.1617639
91,0x0d5b9A0f4315a4bcE36D1Ea7d6B6d3123167aFAa,50,1,0x05aD6E30A855BE07AfA57e08a4f30d00810a402e,TINC,0xbb4CdB9CBd36B01bD1cBaEBF2De08d9173bc095c,WBNB,62305.71429,105.92,2069984.298,2058974.471,2069984.298,62305.71429,0.17,34.50180513,0.345018051,74.9082286,0.149816457,87.75487804,0.087754878,2058974.471,3.82265058,1.656528237,0.969683663,382.265058,828.2641184,969.6836628
92,0x046A9B3A9b743340eE2Bc4C6dDD35543E237C6c2,50,1,0xbb4CdB9CBd36B01bD1cBaEBF2De08d9173bc095c,WBNB,0xe0F94Ac5462997D2BC57287Ac3a3aE4C31345D66,CEEK,288571.4286,491.4285714,1145125.767,1057839.914,1145125.767,288571.4286,0.17,229.0907969,2.290907969,399.8523302,0.79970466,440.9358689,0.440935869,1057839.914,5.682361615,1.93029045,1.057475115,568.2361615,965.1452252,1057.475115
93,0x008604A38cD589680F7B8f085DC2D5B4F81151dB,100,1,0xbb4CdB9CBd36B01bD1cBaEBF2De08d9173bc095c,WBNB,0xF5d8A096CcCb31b9D7bcE5afE812BE23e3D4690d,HAPPY,172857.1429,294.2857143,328023.2687,206648.0101,328023.2687,172857.1429,0.17,221.5968057,2.215968057,276.1678201,0.55233564,284.9390504,0.28493905,206648.0101,19.38160994,4.491715404,2.291328264,1938.160994,2245.857702,2291.328264
94,0xee456d906a38e10680c9d157FFf143390e9681bA,100,1,0xe9e7CEA3DedcA5984780Bafc599bD69ADd087D56,BUSD,0xFa40d8FC324bcdD6Bbae0e086De886c571C225d4,WZRD,110748.5714,188.5714286,359351.6684,280080.9318,359351.6684,110748.5714,0.17,138.7215928,1.387215928,175.9274631,0.351854926,182.0301449,0.182030145,280080.9318,18.26976755,4.429246705,2.274960793,1826.976755,2214.623353,2274.960793
95,0x272c2CF847A49215A3A1D4bFf8760E503A06f880,50,1,0xbb4CdB9CBd36B01bD1cBaEBF2De08d9173bc095c,WBNB,0xE85aFCcDaFBE7F2B096f268e31ccE3da8dA2990A,aBNBc,10118.57143,17.20142857,3202805.583,3184459.182,3202805.583,10118.57143,0.17,4.092844228,0.040928442,10.48508855,0.020970177,13.02861613,0.013028616,3184459.182,2.794480726,1.428730998,0.886907106,279.4480726,714.365499,886.9071058
96,0x92c3E2cddDb0CE886bCA864151BD4d611A86E563,0,1,0xe9e7CEA3DedcA5984780Bafc599bD69ADd087D56,BUSD,0xFeea0bDd3D07eb6FE305938878C0caDBFa169042,8PAY,20324.28571,34.55142857,198741.7056,9466.232493,198741.7056,20324.28571,0.17,28.82308041,0.288230804,33.2305686,0.066461137,33.87812886,0.033878129,9466.232493,0,0,0,0,0,0
97,0x55cdb14855220b239Cf857A03849D96736b9103f,10,1,0xc2098a8938119A52B1F7661893c0153A6CB116d5,RPG,0xe9e7CEA3DedcA5984780Bafc599bD69ADd087D56,BUSD,13761.42857,23.39428571,1344320.593,709121.3793,1344320.593,13761.42857,0.17,9.979132454,0.099791325,18.43718754,0.036874375,20.62202449,0.020622024,709121.3793,1.368351093,0.409638883,0.218381884,136.8351093,204.8194417,218.3818844
98,0xbe6A4f74fdDc88853612C50D7404E059b37692D8,100,1,0xbb4CdB9CBd36B01bD1cBaEBF2De08d9173bc095c,WBNB,0xe4Cc45Bb5DBDA06dB6183E8bf016569f40497Aa5,GAL,814285.7143,1384.285714,2543209.835,2537868.551,2543209.835,814285.7143,0.17,390.6869135,3.906869135,917.5707322,1.835141464,1103.613614,1.103613614,2537868.551,6.610415489,3.102572154,1.865291614,661.0415489,1551.286077,1865.291614
99,0xF01eD80d46759c0cf6A3e9c66856017d81284962,0,1,0x7324c7C0d95CEBC73eEa7E85CbAac0dBdf88a05b,XCN,0xbb4CdB9CBd36B01bD1cBaEBF2De08d9173bc095c,WBNB,1974285.714,3355.714286,2441013663,2895559.225,2441013663,1974285.714,0.17,1.374158686,0.013741587,6.859557526,0.013719115,13.69112844,0.013691128,2895559.225,0,0,0,0,0,0
100,0x69AFe59e88614501c3fDEb7480f12DBA0A414032,50,1,0xbb4CdB9CBd36B01bD1cBaEBF2De08d9173bc095c,WBNB,0xe552Fb52a4F19e44ef5A967632DBc320B0820639,Metis,217142.8571,370,1063821.077,616768.4552,1063821.077,217142.8571,0.17,179.2791071,1.792791071,305.0881575,0.610176315,334.4233402,0.33442334,616768.4552,7.232569696,2.081871565,1.101407701,723.2569696,1040.935783,1101.407701
101,0x7618fdAb208aE23690dadD3aa4a42a442313d24E,50,1,0x398f7827DcCbeFe6990478876bBF3612D93baF05,MIX,0xe9e7CEA3DedcA5984780Bafc599bD69ADd087D56,BUSD,38617.14286,65.65,800252.3049,723217.854,800252.3049,38617.14286,0.17,36.46711065,0.364671106,56.59236577,0.113184732,60.78561699,0.060785617,723217.854,6.785787709,2.043149646,1.090474025,678.5787709,1021.574823,1090.474025
102,0x41140a1650372Fb8cb2f71e335448ab8cfc1c4f3,100,1,0x630d98424eFe0Ea27fB1b3Ab7741907DFFEaAd78,PEAK,0xbb4CdB9CBd36B01bD1cBaEBF2De08d9173bc095c,WBNB,86552.85714,147.1428571,0.429828257,0.29827898,0.429828257,86552.85714,0.17,147.1427939,1.471427939,147.1428445,0.294285689,147.1428508,0.147142851,0.29827898,23.38677409,4.677355935,2.338678037,2338.677409,2338.677967,2338.678037
