index,lpToken,allocPoint,isRegular,token0,token0_name,token1,token1_name,volume_24h,lp_reward_fee_24h,TVL,Farm_Liquidity,average_daily_liquidity_of_pool_in_$,average_daily_trading_volume_of_pool_in_$,exchange_fee%,1000000.0_daily_basic_earning_in_$,1000000.0_daily_basic_earning_in_BPS,total_liquidity_pool_size_in_$,1000000.0_daily_mining_reward_in_BPS,1000000.0_daily_mining_reward_in_$,token_zero_delta_exchange,token_zero_delta_hedge_type,token_zero_delta_base_currency,token_zero_delta_symbol,token_zero_delta_bid_price,token_zero_delta_timestamp,token_zero_delta_funding_rate,token_zero_delta_next_funding_rate_time,token_zero_delta_fee_rate,1000000.0_token_zero_delta_hedge_min_fees,token_one_delta_exchange,token_one_delta_hedge_type,token_one_delta_base_currency,token_one_delta_symbol,token_one_delta_bid_price,token_one_delta_timestamp,token_one_delta_funding_rate,token_one_delta_next_funding_rate_time,token_one_delta_fee_rate,1000000.0_token_one_delta_hedge_min_fees,1000000.0_base_hedging_costs_in_$,1000000.0_impermanent_loss_in_amount_to_short,1000000.0_impermanent_loss_downside_covered
2.0,0x0eD7e52944161450477ee417DE9Cd3a859b14fD0,4000.0,1.0,0x0E09FaBB73Bd3Ade0a17ECC321fD13a19e81cE82,Cake,0xbb4CdB9CBd36B01bD1cBaEBF2De08d9173bc095c,WBNB,4368.57K,7.43K,121133.43K,112266.44K,121895.78K,4579.29K,0.17,60.8,0.61,112971.3K,7.91,791.04,FTX,Perpetual,CAKE,CAKE-PERP,3.0525,1970-01-19 19:58:37,-3e-05,2022-06-22 15:00:00+00:00,0.02,200.0,FTX,Perpetual,BNB,BNB-PERP,216.0875,1970-01-19 19:58:37,-1.3e-05,2022-06-22 15:00:00+00:00,0.02,200.0,400.0,,
3.0,0x58F876857a02D6762E0101bb5C46A8c1ED44Dc16,1100.0,1.0,0xbb4CdB9CBd36B01bD1cBaEBF2De08d9173bc095c,WBNB,0xe9e7CEA3DedcA5984780Bafc599bD69ADd087D56,BUSD,47638.57K,80.99K,180546.4K,170592.23K,180239.16K,23819.29K,0.17,446.09,4.46,170248.32K,1.45,144.78,FTX,Perpetual,BNB,BNB-PERP,216.0875,1970-01-19 19:58:37,-1.3e-05,2022-06-22 15:00:00+00:00,0.02,200.0,0,0,0,0,0.0,0,0.0,0,0.0,0.0,0.0,-236219.53305284109,-0.3187495289821306
4.0,0x28415ff2C35b65B9E5c7de82126b4015ab9d031F,50.0,1.0,0x3EE2200Efb3400fAbB9AacF31297cBdD1d435D47,ADA,0xbb4CdB9CBd36B01bD1cBaEBF2De08d9173bc095c,WBNB,911.43K,1.55K,6289.28K,4809.07K,6365.55K,944.29K,0.17,212.44,2.12,4860.35K,1.92,192.31,FTX,Perpetual,ADA,ADA-PERP,0.470455,1970-01-19 19:58:37,-1.9e-05,2022-06-22 15:00:00+00:00,0.02,200.0,FTX,Perpetual,BNB,BNB-PERP,216.0875,1970-01-19 19:58:37,-1.3e-05,2022-06-22 15:00:00+00:00,0.02,200.0,400.0,,
5.0,0xDd5bAd8f8b360d76d12FdA230F8BAF42fe0022CF,100.0,1.0,0x7083609fCE4d1d8Dc0C979AAb8c869Ea2C873402,DOT,0xbb4CdB9CBd36B01bD1cBaEBF2De08d9173bc095c,WBNB,0.0,0.0,7590.01K,6710.66K,7733.55K,561.43K,0.17,212.44,2.12,6843.69K,2.87,287.41,FTX,Perpetual,DOT,DOT-PERP,7.566,1970-01-19 19:58:37,-2.3e-05,2022-06-22 15:00:00+00:00,0.02,200.0,FTX,Perpetual,BNB,BNB-PERP,216.0875,1970-01-19 19:58:37,-1.3e-05,2022-06-22 15:00:00+00:00,0.02,200.0,400.0,,
6.0,0x824eb9faDFb377394430d2744fa7C42916DE3eCe,50.0,1.0,0xbb4CdB9CBd36B01bD1cBaEBF2De08d9173bc095c,WBNB,0xF8A0BF9cF54Bb92F17374d9e9A321E6a111a51bD,LINK,984.29K,1.67K,7493.72K,6897.04K,7560.16K,492.14K,0.17,196.95,1.97,6958.36K,1.42,141.61,FTX,Perpetual,BNB,BNB-PERP,216.0875,1970-01-19 19:58:37,-1.3e-05,2022-06-22 15:00:00+00:00,0.02,200.0,FTX,Perpetual,LINK,LINK-PERP,6.727,1970-01-19 19:58:37,-4e-06,2022-06-22 15:00:00+00:00,0.02,200.0,400.0,,
7.0,0x7EFaEf62fDdCCa950418312c6C91Aef321375A00,250.0,1.0,0x55d398326f99059fF775485246999027B3197955,USDT,0xe9e7CEA3DedcA5984780Bafc599bD69ADd087D56,BUSD,6741.43K,11.46K,267303.7K,243294.08K,268029.01K,6913.57K,0.17,42.72,0.43,244124.65K,0.23,22.99,0,0,0,0,0.0,0,0.0,0,0.0,0.0,0,0,0,0,0.0,0,0.0,0,0.0,0.0,0.0,,
8.0,0x3DcB1787a95D2ea0Eb7d00887704EeBF0D79bb13,10.0,1.0,0x4B0F1812e5Df2A09796481Ff14017e6005508003,TWT,0xbb4CdB9CBd36B01bD1cBaEBF2De08d9173bc095c,WBNB,642.86K,1.09K,1174.91K,882.45K,1180.49K,622.14K,0.17,502.48,5.02,887.02K,1.19,119.44,0,0,0,0,0.0,0,0.0,0,0.0,0.0,FTX,Perpetual,BNB,BNB-PERP,216.0875,1970-01-19 19:58:37,-1.3e-05,2022-06-22 15:00:00+00:00,0.02,200.0,0.0,,
9.0,0x7EB5D86FD78f3852a3e0e064f2842d45a3dB6EA2,50.0,1.0,0xbb4CdB9CBd36B01bD1cBaEBF2De08d9173bc095c,WBNB,0xcF6BB5389c92Bdda8a3747Ddb454cB7a64626C63,XVS,448.57K,762.86,2772.34K,2348.69K,2768.11K,442.14K,0.17,202.22,2.02,2345.16K,3.37,336.89,FTX,Perpetual,BNB,BNB-PERP,216.0875,1970-01-19 19:58:37,-1.3e-05,2022-06-22 15:00:00+00:00,0.02,200.0,0,0,0,0,0.0,0,0.0,0,0.0,0.0,0.0,,
10.0,0x74E4716E431f45807DCF19f284c7aA99F18a4fbc,250.0,1.0,0x2170Ed0880ac9A755fd29B2688956BD959F933F8,ETH,0xbb4CdB9CBd36B01bD1cBaEBF2De08d9173bc095c,WBNB,4900.0K,8.33K,37688.97K,33978.2K,38380.4K,5290.0K,0.17,215.31,2.15,34608.15K,1.58,158.28,FTX,Perpetual,ETH,ETH-PERP,1074.2,1970-01-19 19:58:37,-3e-06,2022-06-22 15:00:00+00:00,0.02,200.0,FTX,Perpetual,BNB,BNB-PERP,216.0875,1970-01-19 19:58:37,-1.3e-05,2022-06-22 15:00:00+00:00,0.02,200.0,400.0,,
11.0,0x61EB789d75A95CAa3fF50ed7E47b96c132fEc082,250.0,1.0,0x7130d2A12B9BCbFAe4f2634d864A1Ee1Ce3Ead9c,BTCB,0xbb4CdB9CBd36B01bD1cBaEBF2De08d9173bc095c,WBNB,2927.14K,4.98K,42169.93K,39506.8K,42610.5K,3069.29K,0.17,115.29,1.15,39914.0K,1.38,137.73,0,0,0,0,0.0,0,0.0,0,0.0,0.0,FTX,Perpetual,BNB,BNB-PERP,216.0875,1970-01-19 19:58:37,-1.3e-05,2022-06-22 15:00:00+00:00,0.02,200.0,0.0,,
12.0,0xACF47CBEaab5c8A6Ee99263cfE43995f89fB3206,10.0,1.0,0xa1faa113cbE53436Df28FF0aEe54275c13B40975,ALPHA,0xbb4CdB9CBd36B01bD1cBaEBF2De08d9173bc095c,WBNB,29.16K,49.56,673904.11K,534556.9K,672341.55K,30.37K,0.17,0.07,0.0,532413.74K,0.0,0.42,FTX,Perpetual,ALPHA,ALPHA-PERP,0.11245,1970-01-19 19:58:37,9e-06,2022-06-22 15:00:00+00:00,0.02,200.0,FTX,Perpetual,BNB,BNB-PERP,216.0875,1970-01-19 19:58:37,-1.3e-05,2022-06-22 15:00:00+00:00,0.02,200.0,400.0,,
13.0,0x16b9a82891338f9bA80E2D6970FddA79D1eb0daE,600.0,1.0,0x55d398326f99059fF775485246999027B3197955,USDT,0xbb4CdB9CBd36B01bD1cBaEBF2De08d9173bc095c,WBNB,41024.29K,69.74K,551.15K,532.3K,548.0K,20512.14K,0.17,44.96K,449.62,529.64K,88.41,8.84K,0,0,0,0,0.0,0,0.0,0,0.0,0.0,FTX,Perpetual,BNB,BNB-PERP,216.0875,1970-01-19 19:58:37,-1.3e-05,2022-06-22 15:00:00+00:00,0.02,200.0,0.0,-1.092902926051109e+102,-0.3187495289821306
14.0,0x03F18135c44C64ebFdCBad8297fe5bDafdBbdd86,50.0,1.0,0x1D2F0da169ceB9fC7B3144628dB156f3F6c60dBE,XRP,0xbb4CdB9CBd36B01bD1cBaEBF2De08d9173bc095c,WBNB,575.71K,980.0,6367.76K,6137.9K,6426.47K,592.14K,0.17,133.01,1.33,6194.62K,1.57,156.64,FTX,Perpetual,XRP,XRP-PERP,0.321375,1970-01-19 19:58:37,3e-06,2022-06-22 15:00:00+00:00,0.02,200.0,FTX,Perpetual,BNB,BNB-PERP,216.0875,1970-01-19 19:58:37,-1.3e-05,2022-06-22 15:00:00+00:00,0.02,200.0,400.0,,
15.0,0x014608E87AF97a054C9a49f81E1473076D51d9a3,50.0,1.0,0xbb4CdB9CBd36B01bD1cBaEBF2De08d9173bc095c,WBNB,0xBf5140A22578168FD562DCcF235E5D43A02ce9B1,UNI,538.57K,914.29,4443.97K,4202.51K,4101.11K,504.29K,0.17,167.94,1.68,3864.08K,2.33,232.9,FTX,Perpetual,BNB,BNB-PERP,216.0875,1970-01-19 19:58:37,-1.3e-05,2022-06-22 15:00:00+00:00,0.02,200.0,FTX,Perpetual,UNI,UNI-PERP,5.122,1970-01-19 19:58:37,-3e-06,2022-06-22 15:00:00+00:00,0.02,200.0,400.0,,
16.0,0x1BdCebcA3b93af70b58C41272AEa2231754B23ca,10.0,1.0,0xa2B726B1145A4773F68593CF171187d8EBe4d495,INJ,0xbb4CdB9CBd36B01bD1cBaEBF2De08d9173bc095c,WBNB,70.22K,119.38,81877.08K,67995.54K,82533.76K,84.15K,0.17,1.44,0.01,68542.78K,0.03,3.24,0,0,0,0,0.0,0,0.0,0,0.0,0.0,FTX,Perpetual,BNB,BNB-PERP,216.0875,1970-01-19 19:58:37,-1.3e-05,2022-06-22 15:00:00+00:00,0.02,200.0,0.0,,
17.0,0xD8E2F8b6Db204c405543953Ef6359912FE3A88d6,10.0,1.0,0x47BEAd2563dCBf3bF2c9407fEa4dC236fAbA485A,SXP,0xbb4CdB9CBd36B01bD1cBaEBF2De08d9173bc095c,WBNB,0.0,0.0,781.52K,621.94K,732.92K,0.0,0.17,1.44,0.01,573.07K,1.43,143.44,FTX,Perpetual,SXP,SXP-PERP,0.408,1970-01-19 19:58:37,-1.9e-05,2022-06-22 15:00:00+00:00,0.02,200.0,FTX,Perpetual,BNB,BNB-PERP,216.0875,1970-01-19 19:58:37,-1.3e-05,2022-06-22 15:00:00+00:00,0.02,200.0,400.0,,
18.0,0x133ee93FE93320e1182923E1a640912eDE17C90C,10.0,1.0,0x4BD17003473389A42DAF6a0a729f6Fdb328BbBd7,VAI,0xe9e7CEA3DedcA5984780Bafc599bD69ADd087D56,BUSD,251.43K,427.14,3109.77K,2329.22K,3129.59K,125.71K,0.17,103.93,1.04,2342.13K,0.67,67.44,0,0,0,0,0.0,0,0.0,0,0.0,0.0,0,0,0,0,0.0,0,0.0,0,0.0,0.0,0.0,,
19.0,0x66FDB2eCCfB58cF098eaa419e5EfDe841368e489,10.0,1.0,0x1AF3F329e8BE154074D8769D1FFa4eE058B1DBc3,DAI,0xe9e7CEA3DedcA5984780Bafc599bD69ADd087D56,BUSD,0.0,0.0,9657.99K,7403.27K,10098.33K,100.71K,0.17,103.93,1.04,7844.63K,0.26,25.54,0,0,0,0,0.0,0,0.0,0,0.0,0.0,0,0,0,0,0.0,0,0.0,0,0.0,0.0,0.0,,
20.0,0x2354ef4DF11afacb85a5C7f98B624072ECcddbB1,100.0,1.0,0x8AC76a51cc950d9822D68b83fE1Ad97B32Cd580d,USDC,0xe9e7CEA3DedcA5984780Bafc599bD69ADd087D56,BUSD,0.0,0.0,130488.18K,120045.11K,133138.34K,1288.57K,0.17,103.93,1.04,122678.37K,0.18,18.23,0,0,0,0,0.0,0,0.0,0,0.0,0.0,0,0,0,0,0.0,0,0.0,0,0.0,0.0,0.0,,
21.0,0x71b01eBdDD797c8E9E0b003ea2f4FD207fBF46cC,10.0,1.0,0x4338665CBB7B2485A8855A139b75D5e34AB0DB94,LTC,0xbb4CdB9CBd36B01bD1cBaEBF2De08d9173bc095c,WBNB,222.86K,380.0,1240.37K,1185.1K,1257.25K,111.43K,0.17,169.61,1.7,1201.21K,1.02,102.39,FTX,Perpetual,LTC,LTC-PERP,51.82,1970-01-19 19:58:37,-9e-06,2022-06-22 15:00:00+00:00,0.02,200.0,FTX,Perpetual,BNB,BNB-PERP,216.0875,1970-01-19 19:58:37,-1.3e-05,2022-06-22 15:00:00+00:00,0.02,200.0,400.0,,
22.0,0xB2678C414ebC63c9CC6d1a0fC45f43E249B50fdE,10.0,1.0,0x78650B139471520656b9E7aA7A5e9276814a38e9,BTCST,0xbb4CdB9CBd36B01bD1cBaEBF2De08d9173bc095c,WBNB,67.9K,115.43,698.94K,612.91K,698.31K,69.79K,0.17,67.94,0.68,612.38K,1.4,139.79,0,0,0,0,0.0,0,0.0,0,0.0,0.0,FTX,Perpetual,BNB,BNB-PERP,216.0875,1970-01-19 19:58:37,-1.3e-05,2022-06-22 15:00:00+00:00,0.02,200.0,0.0,,
23.0,0x05faf555522Fa3F93959F86B41A3808666093210,0.0,1.0,0x23396cF899Ca06c4472205fC903bDB4de249D6fC,UST,0xe9e7CEA3DedcA5984780Bafc599bD69ADd087D56,BUSD,142.55K,242.86,210.31K,139.02K,212.26K,146.99K,0.17,200.66,2.01,140.4K,0.0,0.0,0,0,0,0,0.0,0,0.0,0,0.0,0.0,0,0,0,0,0.0,0,0.0,0,0.0,0.0,0.0,-63544.84085154014,-0.30502621568108723
24.0,0xC5768c5371568Cf1114cddD52CAeD163A42626Ed,10.0,1.0,0x762539b45A1dCcE3D36d080F74d1AED37844b878,LINA,0xe9e7CEA3DedcA5984780Bafc599bD69ADd087D56,BUSD,391.43K,665.71,2345.74K,2139.67K,2330.61K,405.0K,0.17,198.97,1.99,2125.87K,0.72,72.11,FTX,Perpetual,LINA,LINA-PERP,0.008415,1970-01-19 19:58:37,-3.5e-05,2022-06-22 16:00:00+00:00,0.02,200.0,0,0,0,0,0.0,0,0.0,0,0.0,0.0,0.0,-199464.915926204,-0.5431274464872026
25.0,0x942b294e59a8c47a0F7F20DF105B082710F7C305,50.0,1.0,0xbb4CdB9CBd36B01bD1cBaEBF2De08d9173bc095c,WBNB,0xD41FDb03Ba84762dD66a0af1a6C8540FF1ba5dfb,SFP,941.43K,1.6K,7761.46K,7571.62K,7703.48K,896.43K,0.17,182.62,1.83,7517.16K,1.32,132.32,FTX,Perpetual,BNB,BNB-PERP,216.0875,1970-01-19 19:58:37,-1.3e-05,2022-06-22 15:00:00+00:00,0.02,200.0,0,0,0,0,0.0,0,0.0,0,0.0,0.0,0.0,,
26.0,0x16aFc4F2Ad82986bbE2a4525601F8199AB9c832D,10.0,1.0,0x2170Ed0880ac9A755fd29B2688956BD959F933F8,ETH,0x947950BcC74888a40Ffa2593C5798F11Fc9124C4,SUSHI,125.87K,214.29,918.2K,826.31K,943.38K,122.33K,0.17,111.71,1.12,850.75K,1.22,121.79,FTX,Perpetual,ETH,ETH-PERP,1074.2,1970-01-19 19:58:37,-3e-06,2022-06-22 15:00:00+00:00,0.02,200.0,FTX,Perpetual,SUSHI,SUSHI-PERP,1.232,1970-01-19 19:58:37,-2.5e-05,2022-06-22 15:00:00+00:00,0.02,200.0,400.0,,
27.0,0xc13aA76AAc067c86aE38028019F414D731b3D86A,10.0,1.0,0x9678E42ceBEb63F23197D726B29b1CB20d0064E5,IOTX,0xe9e7CEA3DedcA5984780Bafc599bD69ADd087D56,BUSD,325.71K,552.86,1194.62K,1142.65K,1180.51K,334.29K,0.17,251.91,2.52,1129.39K,1.06,105.85,0,0,0,0,0.0,0,0.0,0,0.0,0.0,0,0,0,0,0.0,0,0.0,0,0.0,0.0,0.0,-211001.86288436138,-0.48929143874015024
28.0,0xE834bf723f5bDff34a5D1129F3c31Ea4787Bc76a,10.0,1.0,0x8519EA49c997f50cefFa444d240fB655e89248Aa,RAMP,0xe9e7CEA3DedcA5984780Bafc599bD69ADd087D56,BUSD,155.71K,265.71,3211.81K,1833.63K,3273.06K,148.0K,0.17,63.09,0.63,1868.6K,0.79,78.58,FTX,Perpetual,RAMP,RAMP-PERP,0.0408,1970-01-19 19:58:37,-8.4e-05,2022-06-22 16:00:00+00:00,0.02,200.0,0,0,0,0,0.0,0,0.0,0,0.0,0.0,0.0,-83853.39016068184,-0.49475355970021273
29.0,0xF3Bc6FC080ffCC30d93dF48BFA2aA14b869554bb,0.0,1.0,0xbb4CdB9CBd36B01bD1cBaEBF2De08d9173bc095c,WBNB,0xE0e514c71282b6f4e823703a39374Cf58dc3eA4f,BELT,13.75K,23.37,3869.94K,11.05K,3919.42K,14.01K,0.17,4.8,0.05,11.19K,0.0,0.0,FTX,Perpetual,BNB,BNB-PERP,216.0875,1970-01-19 19:58:37,-1.3e-05,2022-06-22 15:00:00+00:00,0.02,200.0,0,0,0,0,0.0,0,0.0,0,0.0,0.0,0.0,,
30.0,0xcAD7019D6d84a3294b0494aEF02e73BD0f2572Eb,50.0,1.0,0xAC51066d7bEC65Dc4589368da368b212745d63E8,ALICE,0xbb4CdB9CBd36B01bD1cBaEBF2De08d9173bc095c,WBNB,0.0,0.0,1778.06K,1476.26K,1821.09K,150.71K,0.17,4.8,0.05,1511.9K,4.49,448.7,FTX,Perpetual,ALICE,ALICE-PERP,2.275,1970-01-19 19:58:37,-2.2e-05,2022-06-22 15:00:00+00:00,0.02,200.0,FTX,Perpetual,BNB,BNB-PERP,216.0875,1970-01-19 19:58:37,-1.3e-05,2022-06-22 15:00:00+00:00,0.02,200.0,400.0,,
31.0,0x3f1A9f3D9aaD8bD339eD4853F345d2eF89fbfE0c,10.0,1.0,0xbb4CdB9CBd36B01bD1cBaEBF2De08d9173bc095c,WBNB,0xCa3F508B8e4Dd382eE878A314789373D80A5190A,BIFI,501.43K,852.86,894.15K,870.54K,898.95K,508.57K,0.17,450.26,4.5,875.31K,1.2,120.19,FTX,Perpetual,BNB,BNB-PERP,216.0875,1970-01-19 19:58:37,-1.3e-05,2022-06-22 15:00:00+00:00,0.02,200.0,0,0,0,0,0.0,0,0.0,0,0.0,0.0,0.0,,
32.0,0xFFd4B200d3C77A0B691B5562D804b3bd54294e6e,10.0,1.0,0x9f589e3eabe42ebC94A44727b3f3531C0c877809,TKO,0xbb4CdB9CBd36B01bD1cBaEBF2De08d9173bc095c,WBNB,65.63K,111.57,1033.68K,851.28K,1039.15K,67.3K,0.17,54.86,0.55,855.75K,1.21,121.45,0,0,0,0,0.0,0,0.0,0,0.0,0.0,FTX,Perpetual,BNB,BNB-PERP,216.0875,1970-01-19 19:58:37,-1.3e-05,2022-06-22 15:00:00+00:00,0.02,200.0,0.0,,
33.0,0xddE420cbB3794ebD8FFC3Ac69F9c78e5d1411870,10.0,1.0,0xA7f552078dcC247C2684336020c03648500C6d9F,EPS,0xbb4CdB9CBd36B01bD1cBaEBF2De08d9173bc095c,WBNB,0.0,0.0,437.24K,289.22K,436.54K,5.1K,0.17,54.86,0.55,288.75K,1.75,174.89,0,0,0,0,0.0,0,0.0,0,0.0,0.0,FTX,Perpetual,BNB,BNB-PERP,216.0875,1970-01-19 19:58:37,-1.3e-05,2022-06-22 15:00:00+00:00,0.02,200.0,0.0,,
34.0,0xE6b421a4408c82381b226Ab5B6F8C4b639044359,10.0,1.0,0x2222227E22102Fe3322098e4CBfE18cFebD57c95,TLM,0xbb4CdB9CBd36B01bD1cBaEBF2De08d9173bc095c,WBNB,36.86K,62.67,377.17K,283.36K,374.06K,37.06K,0.17,45.51,0.46,281.02K,1.76,175.95,FTX,Perpetual,TLM,TLM-PERP,0.02355,1970-01-19 19:58:37,-6.9e-05,2022-06-22 15:00:00+00:00,0.02,200.0,FTX,Perpetual,BNB,BNB-PERP,216.0875,1970-01-19 19:58:37,-1.3e-05,2022-06-22 15:00:00+00:00,0.02,200.0,400.0,,
35.0,0x7752e1FA9F3a2e860856458517008558DEb989e3,100.0,1.0,0x8F0528cE5eF7B51152A59745bEfDD91D97091d2F,ALPACA,0xe9e7CEA3DedcA5984780Bafc599bD69ADd087D56,BUSD,684.29K,1.16K,4675.83K,4607.15K,4662.81K,740.71K,0.17,204.88,2.05,4594.1K,4.03,402.91,0,0,0,0,0.0,0,0.0,0,0.0,0.0,0,0,0,0,0.0,0,0.0,0,0.0,0.0,0.0,-120583.36950685122,-0.4160042632752603
36.0,0xF45cd219aEF8618A92BAa7aD848364a158a24F33,250.0,1.0,0x7130d2A12B9BCbFAe4f2634d864A1Ee1Ce3Ead9c,BTCB,0xe9e7CEA3DedcA5984780Bafc599bD69ADd087D56,BUSD,14114.29K,24.0K,55500.57K,53728.41K,51497.27K,14842.86K,0.17,424.7,4.25,49715.62K,1.12,111.85,0,0,0,0,0.0,0,0.0,0,0.0,0.0,0,0,0,0,0.0,0,0.0,0,0.0,0.0,0.0,,
37.0,0xac109C8025F272414fd9e2faA805a583708A017f,50.0,1.0,0xbA2aE424d960c26247Dd6c32edC70B295c744C43,DOGE,0xbb4CdB9CBd36B01bD1cBaEBF2De08d9173bc095c,WBNB,0.0,0.0,3792.26K,3452.45K,3856.05K,297.14K,0.17,424.7,4.25,3510.12K,2.5,249.89,FTX,Perpetual,DOGE,DOGE-PERP,0.062563,1970-01-19 19:58:37,-2e-06,2022-06-22 15:00:00+00:00,0.02,200.0,FTX,Perpetual,BNB,BNB-PERP,216.0875,1970-01-19 19:58:37,-1.3e-05,2022-06-22 15:00:00+00:00,0.02,200.0,400.0,,
38.0,0xF23BAD605E94dE0e3B60c9718a43A94A5aF43915,10.0,1.0,0x4FA7163E153419E0E1064e418dd7A99314Ed27b6,HOTCROSS,0xbb4CdB9CBd36B01bD1cBaEBF2De08d9173bc095c,WBNB,81.63K,138.77,883.99K,368.01K,874.33K,83.22K,0.17,73.66,0.74,354.59K,1.66,166.41,0,0,0,0,0.0,0,0.0,0,0.0,0.0,FTX,Perpetual,BNB,BNB-PERP,216.0875,1970-01-19 19:58:37,-1.3e-05,2022-06-22 15:00:00+00:00,0.02,200.0,0.0,,
39.0,0x804678fa97d91B974ec2af3c843270886528a9E6,250.0,1.0,0x0E09FaBB73Bd3Ade0a17ECC321fD13a19e81cE82,Cake,0xe9e7CEA3DedcA5984780Bafc599bD69ADd087D56,BUSD,2635.71K,4.48K,9894.48K,9020.96K,9915.56K,2795.71K,0.17,411.35,4.11,9040.5K,5.61,561.19,FTX,Perpetual,CAKE,CAKE-PERP,3.0525,1970-01-19 19:58:37,-3e-05,2022-06-22 15:00:00+00:00,0.02,200.0,0,0,0,0,0.0,0,0.0,0,0.0,0.0,0.0,-549532.9683946613,-0.5306269354829641
40.0,0x6045931E511EF7e53A4A817F971e0CA28c758809,50.0,1.0,0xe9e7CEA3DedcA5984780Bafc599bD69ADd087D56,BUSD,0xf9CeC8d50f6c8ad3Fb6dcCEC577e05aA32B224FE,CHR,0.0,0.0,2304.72K,1778.26K,2286.74K,0.0,0.17,411.35,4.11,1759.52K,4.08,408.42,0,0,0,0,0.0,0,0.0,0,0.0,0.0,FTX,Perpetual,CHR,CHR-PERP,0.19335,1970-01-19 19:58:37,9e-06,2022-06-22 15:00:00+00:00,0.02,200.0,0.0,-340471.78327514324,-0.41766970756257643
41.0,0x2E28b9B74D6d99D4697e913b82B41ef1CAC51c6C,50.0,1.0,0x14016E85a25aeb13065688cAFB43044C2ef86784,TUSD,0xe9e7CEA3DedcA5984780Bafc599bD69ADd087D56,BUSD,142.86K,242.86,37794.46K,34098.09K,37940.97K,139.34K,0.17,6.26,0.06,34244.59K,0.32,31.97,0,0,0,0,0.0,0,0.0,0,0.0,0.0,0,0,0,0,0.0,0,0.0,0,0.0,0.0,0.0,,
42.0,0x8FA59693458289914dB0097F5F366d771B7a7C3F,100.0,1.0,0x3203c9E46cA618C8C1cE5dC67e7e9D75f5da2377,MBOX,0xbb4CdB9CBd36B01bD1cBaEBF2De08d9173bc095c,WBNB,1438.57K,2.45K,21740.36K,21595.61K,22034.11K,1442.86K,0.17,107.61,1.08,21893.27K,0.98,98.46,0,0,0,0,0.0,0,0.0,0,0.0,0.0,FTX,Perpetual,BNB,BNB-PERP,216.0875,1970-01-19 19:58:37,-1.3e-05,2022-06-22 15:00:00+00:00,0.02,200.0,0.0,,
43.0,0xD171B26E4484402de70e3Ea256bE5A2630d7e88D,100.0,1.0,0x2170Ed0880ac9A755fd29B2688956BD959F933F8,ETH,0x7130d2A12B9BCbFAe4f2634d864A1Ee1Ce3Ead9c,BTCB,1278.57K,2.17K,18844.41K,16403.26K,18776.31K,1467.86K,0.17,109.57,1.1,16270.41K,1.31,130.52,FTX,Perpetual,ETH,ETH-PERP,1074.2,1970-01-19 19:58:37,-3e-06,2022-06-22 15:00:00+00:00,0.02,200.0,0,0,0,0,0.0,0,0.0,0,0.0,0.0,0.0,,
44.0,0xEa26B78255Df2bBC31C1eBf60010D78670185bD0,100.0,1.0,0x2170Ed0880ac9A755fd29B2688956BD959F933F8,ETH,0x8AC76a51cc950d9822D68b83fE1Ad97B32Cd580d,USDC,0.0,0.0,16788.98K,16118.28K,16925.28K,0.0,0.17,109.57,1.1,16247.84K,1.31,130.68,FTX,Perpetual,ETH,ETH-PERP,1074.2,1970-01-19 19:58:37,-3e-06,2022-06-22 15:00:00+00:00,0.02,200.0,0,0,0,0,0.0,0,0.0,0,0.0,0.0,0.0,-108226.93557411437,-0.49976598506719694
45.0,0x89eE0491CE55d2f7472A97602a95426216167189,10.0,1.0,0x4691937a7508860F876c9c0a2a617E7d9E945D4B,WOO,0xbb4CdB9CBd36B01bD1cBaEBF2De08d9173bc095c,WBNB,0.0,0.0,25.47K,23.7K,25.21K,208.57K,0.17,109.57,1.1,23.46K,2.2,220.22,0,0,0,0,0.0,0,0.0,0,0.0,0.0,FTX,Perpetual,BNB,BNB-PERP,216.0875,1970-01-19 19:58:37,-1.3e-05,2022-06-22 15:00:00+00:00,0.02,200.0,0.0,,
46.0,0xba01662E978DE7d67F8FfC937726215eb8995d17,10.0,1.0,0x5A3010d4d8D3B5fB49f8B6E57FB9E48063f16700,BSCPAD,0xbb4CdB9CBd36B01bD1cBaEBF2De08d9173bc095c,WBNB,174.29K,295.71,1436252.03K,203829.14K,1459560.72K,184.29K,0.17,0.21,0.0,207535.83K,0.01,1.08,0,0,0,0,0.0,0,0.0,0,0.0,0.0,FTX,Perpetual,BNB,BNB-PERP,216.0875,1970-01-19 19:58:37,-1.3e-05,2022-06-22 15:00:00+00:00,0.02,200.0,0.0,,
47.0,0xA39Af17CE4a8eb807E076805Da1e2B8EA7D0755b,200.0,1.0,0x0E09FaBB73Bd3Ade0a17ECC321fD13a19e81cE82,Cake,0x55d398326f99059fF775485246999027B3197955,USDT,1590.0K,2.7K,6406.08K,5939.19K,6385.83K,1671.43K,0.17,364.95,3.65,5918.46K,6.52,651.57,FTX,Perpetual,CAKE,CAKE-PERP,3.0525,1970-01-19 19:58:37,-3e-05,2022-06-22 15:00:00+00:00,0.02,200.0,0,0,0,0,0.0,0,0.0,0,0.0,0.0,0.0,-436622.409072961,-0.5306269354829641
48.0,0xEc6557348085Aa57C72514D67070dC863C0a5A8c,100.0,1.0,0x55d398326f99059fF775485246999027B3197955,USDT,0x8AC76a51cc950d9822D68b83fE1Ad97B32Cd580d,USDC,2225.71K,3.78K,85382.5K,74564.59K,85358.21K,2252.14K,0.17,43.81,0.44,74228.66K,0.3,29.96,0,0,0,0,0.0,0,0.0,0,0.0,0.0,0,0,0,0,0.0,0,0.0,0,0.0,0.0,0.0,,
49.0,0x89EBF9cD99864f6E51bd7a578965922029cAB977,0.0,1.0,0x758FB037A375F17c7e195CC634D77dA4F554255B,DVI,0xbb4CdB9CBd36B01bD1cBaEBF2De08d9173bc095c,WBNB,19.24K,32.71,1555.85K,116.51K,1532.55K,19.76K,0.17,12.8,0.13,114.77K,0.0,0.0,0,0,0,0,0.0,0,0.0,0,0.0,0.0,FTX,Perpetual,BNB,BNB-PERP,216.0875,1970-01-19 19:58:37,-1.3e-05,2022-06-22 15:00:00+00:00,0.02,200.0,0.0,,
50.0,0x9D2296e2Fe3CdBf2EB3e3e2CA8811BaFA42eeDFF,10.0,1.0,0x03fF0ff224f904be3118461335064bB48Df47938,ONE,0xbb4CdB9CBd36B01bD1cBaEBF2De08d9173bc095c,WBNB,75.79K,128.84,608.35K,470.01K,605.3K,37.89K,0.17,80.11,0.8,467.68K,1.54,153.57,FTX,Perpetual,ONE,ONE-PERP,0.02615,1970-01-19 19:58:37,-1e-05,2022-06-22 16:00:00+00:00,0.02,200.0,FTX,Perpetual,BNB,BNB-PERP,216.0875,1970-01-19 19:58:37,-1.3e-05,2022-06-22 15:00:00+00:00,0.02,200.0,400.0,,
51.0,0x1472976E0B97F5B2fC93f1FFF14e2b5C4447b64F,10.0,1.0,0x20de22029ab63cf9A7Cf5fEB2b737Ca1eE4c82A6,CHESS,0x8AC76a51cc950d9822D68b83fE1Ad97B32Cd580d,USDC,138.82K,235.71,951.49K,836.2K,981.87K,143.69K,0.17,120.79,1.21,862.94K,1.21,121.0,0,0,0,0,0.0,0,0.0,0,0.0,0.0,0,0,0,0,0.0,0,0.0,0,0.0,0.0,0.0,-111012.63886829483,-0.4924273067967097
52.0,0xC2d00De94795e60FB76Bc37d899170996cBdA436,50.0,1.0,0x715D400F88C167884bbCc41C5FeA407ed4D2f8A0,AXS,0xbb4CdB9CBd36B01bD1cBaEBF2De08d9173bc095c,WBNB,150.0K,254.29,1656.65K,1565.63K,1644.42K,152.14K,0.17,95.72,0.96,1554.05K,4.41,441.26,FTX,Perpetual,AXS,AXS-PERP,14.177,1970-01-19 19:58:37,-3.6e-05,2022-06-22 15:00:00+00:00,0.02,200.0,FTX,Perpetual,BNB,BNB-PERP,216.0875,1970-01-19 19:58:37,-1.3e-05,2022-06-22 15:00:00+00:00,0.02,200.0,400.0,,
53.0,0x92247860A03F48d5c6425c7CA35CDcFCB1013AA1,50.0,1.0,0xaEC945e04baF28b135Fa7c640f624f8D90F1C3a6,C98,0xbb4CdB9CBd36B01bD1cBaEBF2De08d9173bc095c,WBNB,294.29K,500.0,2233.86K,1461.29K,2121.83K,147.14K,0.17,154.61,1.55,1331.27K,4.85,485.05,FTX,Perpetual,C98,C98-PERP,0.5251,1970-01-19 19:58:37,-7.1e-05,2022-06-22 15:00:00+00:00,0.02,200.0,FTX,Perpetual,BNB,BNB-PERP,216.0875,1970-01-19 19:58:37,-1.3e-05,2022-06-22 15:00:00+00:00,0.02,200.0,400.0,,
54.0,0xFdFde3aF740A22648B9dD66D05698e5095940850,10.0,1.0,0x1633b7157e7638C4d6593436111Bf125Ee74703F,SPS,0xbb4CdB9CBd36B01bD1cBaEBF2De08d9173bc095c,WBNB,0.0,0.0,2119.86K,300.87K,2112.59K,65.95K,0.17,154.61,1.55,299.84K,1.73,173.4,0,0,0,0,0.0,0,0.0,0,0.0,0.0,FTX,Perpetual,BNB,BNB-PERP,216.0875,1970-01-19 19:58:37,-1.3e-05,2022-06-22 15:00:00+00:00,0.02,200.0,0.0,,
55.0,0x6a445cEB72c8B1751755386c3990055ff92e14A0,10.0,1.0,0xaeF0d72a118ce24feE3cD1d43d383897D05B4e99,WIN,0xe9e7CEA3DedcA5984780Bafc599bD69ADd087D56,BUSD,245.71K,417.14,2396.25K,2355.06K,2373.42K,268.57K,0.17,122.82,1.23,2332.63K,0.68,67.64,0,0,0,0,0.0,0,0.0,0,0.0,0.0,0,0,0,0,0.0,0,0.0,0,0.0,0.0,0.0,-107896.57748601165,-0.4830457628541974
56.0,0xb5D108578Be3750209d1b3A8f45FFee8C5a75146,50.0,1.0,0x85EAC5Ac2F758618dFa09bDbe0cf174e7d574D5B,TRX,0xe9e7CEA3DedcA5984780Bafc599bD69ADd087D56,BUSD,3027.14K,5.15K,17193.41K,17041.51K,17336.44K,3563.57K,0.17,282.83,2.83,17183.62K,0.62,61.98,FTX,Perpetual,TRX,TRX-PERP,0.06341,1970-01-19 19:58:37,-3.7e-05,2022-06-22 15:00:00+00:00,0.02,200.0,0,0,0,0,0.0,0,0.0,0,0.0,0.0,0.0,-51863.19365752318,-0.22448962679522408
57.0,0x59FaC9e98479fc9979aE2a0C7422Af50bCBB9B26,0.0,1.0,0x07663837218A003e66310a01596af4bf4e44623D,rUSD,0xe9e7CEA3DedcA5984780Bafc599bD69ADd087D56,BUSD,32.34K,54.97,350.15K,33.59K,350.41K,36.7K,0.17,40.72,0.41,33.61K,0.0,0.0,0,0,0,0,0.0,0,0.0,0,0.0,0.0,0,0,0,0,0.0,0,0.0,0,0.0,0.0,0.0,,
58.0,0x2bF2dEB40639201C9A94c9e33b4852D9AEa5fd2D,10.0,1.0,0xACB8f52DC63BB752a51186D1c55868ADbFfEe9C1,BP,0xbb4CdB9CBd36B01bD1cBaEBF2De08d9173bc095c,WBNB,19.68K,33.45,274.71K,169.44K,291.43K,22.67K,0.17,26.24,0.26,179.73K,1.91,191.06,0,0,0,0,0.0,0,0.0,0,0.0,0.0,FTX,Perpetual,BNB,BNB-PERP,216.0875,1970-01-19 19:58:37,-1.3e-05,2022-06-22 15:00:00+00:00,0.02,200.0,0.0,,
59.0,0x74fA517715C4ec65EF01d55ad5335f90dce7CC87,10.0,1.0,0x477bC8d23c634C154061869478bce96BE6045D12,SFUND,0xbb4CdB9CBd36B01bD1cBaEBF2De08d9173bc095c,WBNB,126.92K,215.71,7425.47K,275.78K,7488.88K,130.67K,0.17,25.6,0.26,278.45K,1.76,176.3,0,0,0,0,0.0,0,0.0,0,0.0,0.0,FTX,Perpetual,BNB,BNB-PERP,216.0875,1970-01-19 19:58:37,-1.3e-05,2022-06-22 15:00:00+00:00,0.02,200.0,0.0,,
60.0,0x0ecc84c9629317a494f12Bc56aA2522475bF32e8,0.0,1.0,0x1fC9004eC7E5722891f5f38baE7678efCB11d34D,NFT,0xbb4CdB9CBd36B01bD1cBaEBF2De08d9173bc095c,WBNB,9.38K,15.94,183.2K,173.12K,184.28K,9.97K,0.17,13.48,0.13,174.14K,0.0,0.0,0,0,0,0,0.0,0,0.0,0,0.0,0.0,FTX,Perpetual,BNB,BNB-PERP,216.0875,1970-01-19 19:58:37,-1.3e-05,2022-06-22 15:00:00+00:00,0.02,200.0,0.0,,
61.0,0x88a02D94F437799f06f8c256ff07Aa397E6D0016,10.0,1.0,0xbb4CdB9CBd36B01bD1cBaEBF2De08d9173bc095c,WBNB,0xBe1a001FE942f96Eea22bA08783140B9Dcc09D28,BETA,107.19K,182.86,859.25K,642.44K,865.81K,107.77K,0.17,98.35,0.98,647.33K,1.37,136.82,FTX,Perpetual,BNB,BNB-PERP,216.0875,1970-01-19 19:58:37,-1.3e-05,2022-06-22 15:00:00+00:00,0.02,200.0,0,0,0,0,0.0,0,0.0,0,0.0,0.0,0.0,,
62.0,0x11c0b2BB4fbB430825d07507A9E24e4c32f7704D,10.0,1.0,0x77d547256A2cD95F32F67aE0313E450Ac200648d,LAZIO,0xbb4CdB9CBd36B01bD1cBaEBF2De08d9173bc095c,WBNB,28.46K,48.37,0.0,0.0,0.0,28.53K,0.17,48.37,0.48,0.0,2.25,225.39,0,0,0,0,0.0,0,0.0,0,0.0,0.0,FTX,Perpetual,BNB,BNB-PERP,216.0875,1970-01-19 19:58:37,-1.3e-05,2022-06-22 15:00:00+00:00,0.02,200.0,0.0,,
63.0,0x365c3F921b2915a480308D0b1C04aEF7B99c2876,0.0,1.0,0x7Ceb519718A80Dd78a8545AD8e7f401dE4f2faA7,DKT,0xbb4CdB9CBd36B01bD1cBaEBF2De08d9173bc095c,WBNB,0.0,0.0,123.94K,38.92K,123.41K,4.44K,0.17,48.37,0.48,38.86K,0.0,0.0,0,0,0,0,0.0,0,0.0,0,0.0,0.0,FTX,Perpetual,BNB,BNB-PERP,216.0875,1970-01-19 19:58:37,-1.3e-05,2022-06-22 15:00:00+00:00,0.02,200.0,0.0,,
64.0,0x6dB23b5360c9D2859fDcbf41c56494e7b8573649,10.0,1.0,0x426c72701833fdDBdFc06c944737C6031645c708,FINA,0xe9e7CEA3DedcA5984780Bafc599bD69ADd087D56,BUSD,89.6K,152.86,292.65K,85.45K,289.02K,92.91K,0.17,118.25,1.18,84.45K,2.08,207.84,0,0,0,0,0.0,0,0.0,0,0.0,0.0,0,0,0,0,0.0,0,0.0,0,0.0,0.0,0.0,,
65.0,0x062f88E2B4896e823ac78Ac314468c29eEC4186d,50.0,1.0,0x23CE9e926048273eF83be0A3A8Ba9Cb6D45cd978,DAR,0xbb4CdB9CBd36B01bD1cBaEBF2De08d9173bc095c,WBNB,155.71K,265.71,2076.2K,1718.52K,2065.04K,172.14K,0.17,86.38,0.86,1709.3K,4.16,415.97,0,0,0,0,0.0,0,0.0,0,0.0,0.0,FTX,Perpetual,BNB,BNB-PERP,216.0875,1970-01-19 19:58:37,-1.3e-05,2022-06-22 15:00:00+00:00,0.02,200.0,0.0,,
66.0,0x936928146a21AfCcd30DfA84824A780572B1630B,50.0,1.0,0x6b23C89196DeB721e6Fd9726E6C76E4810a464bc,XWG,0x8AC76a51cc950d9822D68b83fE1Ad97B32Cd580d,USDC,400.0K,680.0,713.74K,509.44K,722.14K,398.57K,0.17,396.79,3.97,515.26K,7.44,743.72,0,0,0,0,0.0,0,0.0,0,0.0,0.0,0,0,0,0,0.0,0,0.0,0,0.0,0.0,0.0,,
67.0,0x0A292e96ABb35297786a38fDD67Dc4f82689E670,10.0,1.0,0x49f2145d6366099e13B10FbF80646C0F377eE7f6,PORTO,0xbb4CdB9CBd36B01bD1cBaEBF2De08d9173bc095c,WBNB,22.76K,38.69,272.54K,244.73K,274.77K,22.95K,0.17,30.4,0.3,246.66K,1.81,180.79,0,0,0,0,0.0,0,0.0,0,0.0,0.0,FTX,Perpetual,BNB,BNB-PERP,216.0875,1970-01-19 19:58:37,-1.3e-05,2022-06-22 15:00:00+00:00,0.02,200.0,0.0,,
68.0,0xf924E642f05ACC57fc3b14990c2B1a137683b201,0.0,1.0,0x8729438EB15e2C8B576fCc6AeCdA6A148776C0F5,QI,0xbb4CdB9CBd36B01bD1cBaEBF2De08d9173bc095c,WBNB,6.73K,11.44,70.29K,27.74K,70.57K,7.36K,0.17,10.69,0.11,28.05K,0.0,0.0,0,0,0,0,0.0,0,0.0,0,0.0,0.0,FTX,Perpetual,BNB,BNB-PERP,216.0875,1970-01-19 19:58:37,-1.3e-05,2022-06-22 15:00:00+00:00,0.02,200.0,0.0,,
69.0,0x06043B346450BbCfdE066ebc39fdc264FdFFeD74,10.0,1.0,0xA64455a4553C9034236734FadDAddbb64aCE4Cc7,SANTOS,0xbb4CdB9CBd36B01bD1cBaEBF2De08d9173bc095c,WBNB,84.48K,144.29,583.31K,465.08K,551.36K,82.7K,0.17,91.13,0.91,439.53K,1.57,156.63,0,0,0,0,0.0,0,0.0,0,0.0,0.0,FTX,Perpetual,BNB,BNB-PERP,216.0875,1970-01-19 19:58:37,-1.3e-05,2022-06-22 15:00:00+00:00,0.02,200.0,0.0,,
70.0,0x71E6de81381eFE0Aa98f56b3B43eB3727D640715,10.0,1.0,0x0b15Ddf19D47E6a86A56148fb4aFFFc6929BcB89,IDIA,0xe9e7CEA3DedcA5984780Bafc599bD69ADd087D56,BUSD,93.91K,160.0,3546.98K,1765.06K,3501.22K,103.33K,0.17,35.19,0.35,1746.53K,0.82,82.07,0,0,0,0,0.0,0,0.0,0,0.0,0.0,0,0,0,0,0.0,0,0.0,0,0.0,0.0,0.0,,
71.0,0x486697ae24469cB1122F537924Aa46E705B142Aa,10.0,1.0,0x9fD87aEfe02441B123c3c32466cD9dB4c578618f,THG,0xbb4CdB9CBd36B01bD1cBaEBF2De08d9173bc095c,WBNB,64.2K,109.14,526.85K,233.76K,531.48K,65.42K,0.17,71.48,0.71,235.78K,1.82,182.38,0,0,0,0,0.0,0,0.0,0,0.0,0.0,FTX,Perpetual,BNB,BNB-PERP,216.0875,1970-01-19 19:58:37,-1.3e-05,2022-06-22 15:00:00+00:00,0.02,200.0,0.0,,
72.0,0x141e9558f66Cc21c93628400cCa7d830c15c2c24,0.0,1.0,0xbb4CdB9CBd36B01bD1cBaEBF2De08d9173bc095c,WBNB,0xE69cAef10A488D7AF31Da46c89154d025546e990,DPT,0.0,0.0,36.71K,8.95K,37.03K,91.43,0.17,71.48,0.71,9.05K,0.0,0.0,FTX,Perpetual,BNB,BNB-PERP,216.0875,1970-01-19 19:58:37,-1.3e-05,2022-06-22 15:00:00+00:00,0.02,200.0,0,0,0,0,0.0,0,0.0,0,0.0,0.0,0.0,,
73.0,0xe98ac95A1dB2fCaaa9c7D4ba7ecfCE4877ca2bEa,10.0,1.0,0x5f4Bde007Dc06b867f86EBFE4802e34A1fFEEd63,HIGH,0xe9e7CEA3DedcA5984780Bafc599bD69ADd087D56,BUSD,170.0K,288.57,1155.6K,550.73K,1144.44K,176.43K,0.17,133.87,1.34,545.38K,1.46,145.85,0,0,0,0,0.0,0,0.0,0,0.0,0.0,0,0,0,0,0.0,0,0.0,0,0.0,0.0,0.0,-209934.08933902235,-0.6555152913077896
74.0,0x2AE94A6C768D59f5DDc25bd7f12C7cBE1D51dc04,10.0,1.0,0x8b303d5BbfBbf46F1a4d9741E491e06986894e18,WOOP,0xbb4CdB9CBd36B01bD1cBaEBF2De08d9173bc095c,WBNB,247.14K,418.57,9525228.39K,1396024.45K,9465760.8K,256.43K,0.17,0.04,0.0,1387127.83K,0.0,0.16,0,0,0,0,0.0,0,0.0,0,0.0,0.0,FTX,Perpetual,BNB,BNB-PERP,216.0875,1970-01-19 19:58:37,-1.3e-05,2022-06-22 15:00:00+00:00,0.02,200.0,0.0,,
75.0,0x88c9bf5E334e2591C6A866D5E20683E31226Be3d,10.0,1.0,0x40C8225329Bd3e28A043B029E0D07a5344d2C27C,AOG,0xe9e7CEA3DedcA5984780Bafc599bD69ADd087D56,BUSD,0.0,0.0,520.75K,261.69K,525.86K,60.37K,0.17,0.04,0.0,264.29K,1.78,178.27,0,0,0,0,0.0,0,0.0,0,0.0,0.0,0,0,0,0,0.0,0,0.0,0,0.0,0.0,0.0,,
76.0,0x2Eebe0C34da9ba65521E98CBaA7D97496d05f489,10.0,1.0,0x00e1656e45f18ec6747F5a8496Fd39B50b38396D,BCOIN,0xbb4CdB9CBd36B01bD1cBaEBF2De08d9173bc095c,WBNB,70.84K,120.42,329.95K,160.67K,328.93K,69.43K,0.17,90.55,0.91,160.24K,1.94,194.26,0,0,0,0,0.0,0,0.0,0,0.0,0.0,FTX,Perpetual,BNB,BNB-PERP,216.0875,1970-01-19 19:58:37,-1.3e-05,2022-06-22 15:00:00+00:00,0.02,200.0,0.0,,
77.0,0xa0Ee789a8F581CB92dD9742ed0B5d54a0916976C,10.0,1.0,0x78F5d389F5CDCcFc41594aBaB4B0Ed02F31398b3,APX,0xe9e7CEA3DedcA5984780Bafc599bD69ADd087D56,BUSD,0.0,0.0,6101.36K,354.04K,6119.85K,33.54K,0.17,90.55,0.91,355.02K,1.66,166.34,0,0,0,0,0.0,0,0.0,0,0.0,0.0,0,0,0,0,0.0,0,0.0,0,0.0,0.0,0.0,,
78.0,0x1Ce76390Dd210B9C9ae28373FDf79714206ECb73,100.0,1.0,0xbb4CdB9CBd36B01bD1cBaEBF2De08d9173bc095c,WBNB,0xe369fec23380f9F14ffD07a1DC4b7c1a9fdD81c9,Froyo,51.65K,87.8,915.88K,894.34K,923.87K,53.02K,0.17,45.83,0.46,902.03K,11.85,1.18K,FTX,Perpetual,BNB,BNB-PERP,216.0875,1970-01-19 19:58:37,-1.3e-05,2022-06-22 15:00:00+00:00,0.02,200.0,0,0,0,0,0.0,0,0.0,0,0.0,0.0,0.0,,
79.0,0x6483F166b9E4310A165a55FEa04F867499aded06,0.0,1.0,0x5857c96DaE9cF8511B08Cb07f85753C472D36Ea3,FUSE,0xbb4CdB9CBd36B01bD1cBaEBF2De08d9173bc095c,WBNB,24.51K,41.66,558151.39K,217086.9K,567768.76K,24.88K,0.17,0.07,0.0,220827.47K,0.0,0.0,0,0,0,0,0.0,0,0.0,0,0.0,0.0,FTX,Perpetual,BNB,BNB-PERP,216.0875,1970-01-19 19:58:37,-1.3e-05,2022-06-22 15:00:00+00:00,0.02,200.0,0.0,,
80.0,0x70531B39E2Bb4d8dA59E2Ce41a98eBA2990F8497,0.0,1.0,0x62823659d09F9F9D2222058878f89437425eB261,ERTHA,0xbb4CdB9CBd36B01bD1cBaEBF2De08d9173bc095c,WBNB,39.51K,67.17,95.8K,57.45K,98.81K,19.76K,0.17,61.3,0.61,59.26K,0.0,0.0,0,0,0,0,0.0,0,0.0,0,0.0,0.0,FTX,Perpetual,BNB,BNB-PERP,216.0875,1970-01-19 19:58:37,-1.3e-05,2022-06-22 15:00:00+00:00,0.02,200.0,0.0,,
81.0,0x8e744Ec2795c8B836689d1b4EBE1489204357dAC,50.0,1.0,0x12BB890508c125661E03b09EC06E404bc9289040,RACA,0xe9e7CEA3DedcA5984780Bafc599bD69ADd087D56,BUSD,1228.57K,2.09K,5538.97K,883.98K,5621.44K,1290.71K,0.17,319.19,3.19,904.84K,5.92,591.66,0,0,0,0,0.0,0,0.0,0,0.0,0.0,0,0,0,0,0.0,0,0.0,0,0.0,0.0,0.0,,
82.0,0x28BDb16b623176426305a70D8B475bE73Aca71f3,0.0,1.0,0x55d398326f99059fF775485246999027B3197955,USDT,0xBc7d6B50616989655AfD682fb42743507003056D,ACH,68.44K,116.35,0.0,0.0,0.0,34.22K,0.17,116.35,1.16,0.0,0.0,0.0,0,0,0,0,0.0,0,0.0,0,0.0,0.0,0,0,0,0,0.0,0,0.0,0,0.0,0.0,0.0,-74005.74494390067,-0.4071151960344676
83.0,0xB7E73DaEe6A6Ca37A21f8E4bfba4DA448DFE4d92,50.0,1.0,0x352Cb5E19b12FC216548a2677bD0fce83BaE434B,BTT,0xe9e7CEA3DedcA5984780Bafc599bD69ADd087D56,BUSD,835.71K,1.42K,24455.46K,24438.93K,24375.72K,912.86K,0.17,55.78,0.56,24359.43K,0.44,44.44,FTX,Perpetual,BTT,BTT-PERP,7.8e-07,1970-01-19 19:58:37,-8.7e-05,2022-06-22 15:00:00+00:00,0.02,200.0,0,0,0,0,0.0,0,0.0,0,0.0,0.0,0.0,-15389.85751395727,-0.21569797488496859
84.0,0x53a63ac301D6410915385294527f947aFf616599,100.0,1.0,0x6f9F0c4ad9Af7EbD61Ac5A1D4e0F2227F7B0E5f9,ERA,0xbb4CdB9CBd36B01bD1cBaEBF2De08d9173bc095c,WBNB,48.66K,82.72,3202.72K,3059.63K,3204.29K,55.22K,0.17,19.68,0.2,3061.19K,5.55,554.98,0,0,0,0,0.0,0,0.0,0,0.0,0.0,FTX,Perpetual,BNB,BNB-PERP,216.0875,1970-01-19 19:58:37,-1.3e-05,2022-06-22 15:00:00+00:00,0.02,200.0,0.0,,
85.0,0x007EC643C7Cc33a70C083fC305c283dd009C8b94,100.0,1.0,0x3019BF2a2eF8040C242C9a4c5c4BD4C81678b2A1,GMT,0x8AC76a51cc950d9822D68b83fE1Ad97B32Cd580d,USDC,3492.86K,5.94K,7630.06K,6601.66K,7557.6K,3507.14K,0.17,688.13,6.88,6529.99K,2.99,299.36,FTX,Perpetual,GMT,GMT-PERP,0.76825,1970-01-19 19:58:37,-6.5e-05,2022-06-22 15:00:00+00:00,0.02,200.0,0,0,0,0,0.0,0,0.0,0,0.0,0.0,0.0,-7194143.23628894,-0.9605788652165168
86.0,0xbDF0aA1D1985Caa357A6aC6661D838DA8691c569,50.0,1.0,0x0E09FaBB73Bd3Ade0a17ECC321fD13a19e81cE82,Cake,0x95EE03e1e2C5c4877f9A298F1C0D6c98698FAB7B,DUET,0.0,0.0,441.39K,436.16K,445.25K,0.0,0.17,688.13,6.88,439.89K,7.83,782.65,FTX,Perpetual,CAKE,CAKE-PERP,3.0525,1970-01-19 19:58:37,-3e-05,2022-06-22 15:00:00+00:00,0.02,200.0,0,0,0,0,0.0,0,0.0,0,0.0,0.0,0.0,,
87.0,0x8CA3fF14A52b080C54A6d1a405eecA02959d39fE,10.0,1.0,0x965F527D9159dCe6288a2219DB51fc6Eef120dD1,BSW,0xbb4CdB9CBd36B01bD1cBaEBF2De08d9173bc095c,WBNB,54.65K,92.91,537.19K,521.69K,545.89K,54.84K,0.17,60.44,0.6,530.23K,1.47,147.29,0,0,0,0,0.0,0,0.0,0,0.0,0.0,FTX,Perpetual,BNB,BNB-PERP,216.0875,1970-01-19 19:58:37,-1.3e-05,2022-06-22 15:00:00+00:00,0.02,200.0,0.0,,
88.0,0x1CCc3cC95c8148477Afd18a552f03835Be9D182a,50.0,1.0,0x0E09FaBB73Bd3Ade0a17ECC321fD13a19e81cE82,Cake,0xe369fec23380f9F14ffD07a1DC4b7c1a9fdD81c9,Froyo,0.0,0.0,683.06K,681.18K,690.68K,0.0,0.17,60.44,0.6,688.78K,6.67,667.31,FTX,Perpetual,CAKE,CAKE-PERP,3.0525,1970-01-19 19:58:37,-3e-05,2022-06-22 15:00:00+00:00,0.02,200.0,0,0,0,0,0.0,0,0.0,0,0.0,0.0,0.0,,
89.0,0x58d4B61983Ca0aFE6E352e90719F403E24e016F4,10.0,1.0,0x93D8d25E3C9A847a5Da79F79ecaC89461FEcA846,GMI,0xbb4CdB9CBd36B01bD1cBaEBF2De08d9173bc095c,WBNB,0.0,0.0,172.67K,107.77K,181.88K,17.52K,0.17,60.44,0.6,113.56K,2.02,202.4,0,0,0,0,0.0,0,0.0,0,0.0,0.0,FTX,Perpetual,BNB,BNB-PERP,216.0875,1970-01-19 19:58:37,-1.3e-05,2022-06-22 15:00:00+00:00,0.02,200.0,0.0,,
90.0,0x5ca96E8bDe0Bc587DaC9e02422Fd205b1102DAa4,10.0,1.0,0x6a0b66710567b6beb81A71F7e9466450a91a384b,PEX,0xbb4CdB9CBd36B01bD1cBaEBF2De08d9173bc095c,WBNB,23.3K,39.61,1270.34K,1254.88K,1272.43K,24.54K,0.17,17.45,0.17,1256.77K,1.0,99.87,0,0,0,0,0.0,0,0.0,0,0.0,0.0,FTX,Perpetual,BNB,BNB-PERP,216.0875,1970-01-19 19:58:37,-1.3e-05,2022-06-22 15:00:00+00:00,0.02,200.0,0.0,,
91.0,0x0d5b9A0f4315a4bcE36D1Ea7d6B6d3123167aFAa,50.0,1.0,0x05aD6E30A855BE07AfA57e08a4f30d00810a402e,TINC,0xbb4CdB9CBd36B01bD1cBaEBF2De08d9173bc095c,WBNB,45.81K,77.87,1962.13K,1951.98K,1946.44K,45.7K,0.17,26.29,0.26,1936.4K,3.84,383.8,0,0,0,0,0.0,0,0.0,0,0.0,0.0,FTX,Perpetual,BNB,BNB-PERP,216.0875,1970-01-19 19:58:37,-1.3e-05,2022-06-22 15:00:00+00:00,0.02,200.0,0.0,,
92.0,0x046A9B3A9b743340eE2Bc4C6dDD35543E237C6c2,50.0,1.0,0xbb4CdB9CBd36B01bD1cBaEBF2De08d9173bc095c,WBNB,0xe0F94Ac5462997D2BC57287Ac3a3aE4C31345D66,CEEK,267.14K,452.86,1178.55K,1088.63K,1196.15K,133.57K,0.17,207.87,2.08,1104.92K,5.35,535.4,FTX,Perpetual,BNB,BNB-PERP,216.0875,1970-01-19 19:58:37,-1.3e-05,2022-06-22 15:00:00+00:00,0.02,200.0,0,0,0,0,0.0,0,0.0,0,0.0,0.0,0.0,,
93.0,0x008604A38cD589680F7B8f085DC2D5B4F81151dB,0.0,1.0,0xbb4CdB9CBd36B01bD1cBaEBF2De08d9173bc095c,WBNB,0xF5d8A096CcCb31b9D7bcE5afE812BE23e3D4690d,HAPPY,85.61K,145.71,92.58K,12.31K,93.29K,42.8K,0.17,133.37,1.33,12.51K,0.0,0.0,FTX,Perpetual,BNB,BNB-PERP,216.0875,1970-01-19 19:58:37,-1.3e-05,2022-06-22 15:00:00+00:00,0.02,200.0,0,0,0,0,0.0,0,0.0,0,0.0,0.0,0.0,,
94.0,0xee456d906a38e10680c9d157FFf143390e9681bA,0.0,1.0,0xe9e7CEA3DedcA5984780Bafc599bD69ADd087D56,BUSD,0xFa40d8FC324bcdD6Bbae0e086De886c571C225d4,WZRD,90.13K,152.86,115.3K,32.53K,116.42K,89.22K,0.17,137.05,1.37,32.83K,0.0,0.0,0,0,0,0,0.0,0,0.0,0,0.0,0.0,0,0,0,0,0.0,0,0.0,0,0.0,0.0,0.0,,
95.0,0x272c2CF847A49215A3A1D4bFf8760E503A06f880,50.0,1.0,0xbb4CdB9CBd36B01bD1cBaEBF2De08d9173bc095c,WBNB,0xE85aFCcDaFBE7F2B096f268e31ccE3da8dA2990A,aBNBc,33.25K,56.52,2612.74K,2595.09K,2638.19K,32.79K,0.17,15.65,0.16,2620.38K,3.11,311.28,FTX,Perpetual,BNB,BNB-PERP,216.0875,1970-01-19 19:58:37,-1.3e-05,2022-06-22 15:00:00+00:00,0.02,200.0,0,0,0,0,0.0,0,0.0,0,0.0,0.0,0.0,,
96.0,0x92c3E2cddDb0CE886bCA864151BD4d611A86E563,0.0,1.0,0xe9e7CEA3DedcA5984780Bafc599bD69ADd087D56,BUSD,0xFeea0bDd3D07eb6FE305938878C0caDBFa169042,8PAY,11.64K,19.78,186.57K,8.73K,189.13K,11.64K,0.17,16.67,0.17,8.8K,0.0,0.0,0,0,0,0,0.0,0,0.0,0,0.0,0.0,0,0,0,0,0.0,0,0.0,0,0.0,0.0,0.0,,
97.0,0x55cdb14855220b239Cf857A03849D96736b9103f,10.0,1.0,0xc2098a8938119A52B1F7661893c0153A6CB116d5,RPG,0xe9e7CEA3DedcA5984780Bafc599bD69ADd087D56,BUSD,0.0,0.0,1289.1K,673.92K,1289.54K,12.26K,0.17,16.67,0.17,674.2K,1.35,134.62,0,0,0,0,0.0,0,0.0,0,0.0,0.0,0,0,0,0,0.0,0,0.0,0,0.0,0.0,0.0,,
98.0,0xbe6A4f74fdDc88853612C50D7404E059b37692D8,100.0,1.0,0xbb4CdB9CBd36B01bD1cBaEBF2De08d9173bc095c,WBNB,0xe4Cc45Bb5DBDA06dB6183E8bf016569f40497Aa5,GAL,294.29K,500.0,2449.23K,2442.23K,2523.43K,305.0K,0.17,144.96,1.45,2516.43K,6.41,641.17,FTX,Perpetual,BNB,BNB-PERP,216.0875,1970-01-19 19:58:37,-1.3e-05,2022-06-22 15:00:00+00:00,0.02,200.0,FTX,Perpetual,GAL,GAL-PERP,2.6775,1970-01-19 19:58:37,-2.7e-05,2022-06-22 15:00:00+00:00,0.02,200.0,400.0,,
99.0,0xF01eD80d46759c0cf6A3e9c66856017d81284962,0.0,1.0,0x7324c7C0d95CEBC73eEa7E85CbAac0dBdf88a05b,XCN,0xbb4CdB9CBd36B01bD1cBaEBF2De08d9173bc095c,WBNB,512.86K,871.43,478.62K,558.47,476.21K,589.29K,0.17,589.35,5.89,555.66,0.0,0.0,0,0,0,0,0.0,0,0.0,0,0.0,0.0,FTX,Perpetual,BNB,BNB-PERP,216.0875,1970-01-19 19:58:37,-1.3e-05,2022-06-22 15:00:00+00:00,0.02,200.0,0.0,,
100.0,0x69AFe59e88614501c3fDEb7480f12DBA0A414032,50.0,1.0,0xbb4CdB9CBd36B01bD1cBaEBF2De08d9173bc095c,WBNB,0xe552Fb52a4F19e44ef5A967632DBc320B0820639,Metis,177.14K,301.43,1078.58K,628.68K,1086.46K,191.43K,0.17,145.02,1.45,632.67K,6.9,690.24,FTX,Perpetual,BNB,BNB-PERP,216.0875,1970-01-19 19:58:37,-1.3e-05,2022-06-22 15:00:00+00:00,0.02,200.0,0,0,0,0,0.0,0,0.0,0,0.0,0.0,0.0,,
101.0,0x7618fdAb208aE23690dadD3aa4a42a442313d24E,50.0,1.0,0x398f7827DcCbeFe6990478876bBF3612D93baF05,MIX,0xe9e7CEA3DedcA5984780Bafc599bD69ADd087D56,BUSD,40.18K,68.3,729.72K,678.97K,724.22K,40.61K,0.17,39.49,0.39,673.87K,6.73,673.27,0,0,0,0,0.0,0,0.0,0,0.0,0.0,0,0,0,0,0.0,0,0.0,0,0.0,0.0,0.0,,
102.0,0x41140a1650372Fb8cb2f71e335448ab8cfc1c4f3,0.0,1.0,0x630d98424eFe0Ea27fB1b3Ab7741907DFFEaAd78,PEAK,0xbb4CdB9CBd36B01bD1cBaEBF2De08d9173bc095c,WBNB,38.82K,66.0,0.21,0.06,0.21,40.4K,0.17,66.0,0.66,0.06,0.0,0.0,0,0,0,0,0.0,0,0.0,0,0.0,0.0,FTX,Perpetual,BNB,BNB-PERP,216.0875,1970-01-19 19:58:37,-1.3e-05,2022-06-22 15:00:00+00:00,0.02,200.0,0.0,,
